Name,Win rate,Loss rate,Team,Games Played,Average Tackles,Average Errors leading to a goal,Average Blocked shots,Average Interceptions,Average Clearances,Average Recoveries,Average Duels won,Average Duels lost,Average Goals,Average Passes,Average Accurate long balls,Average Yellow cards,Average Red cards,Average Fouls
Lloyd Kelly,0.3333333333333333,0.5416666666666666,Bournemouth,24,1.125,0.041666666666666664,0.125,1.0833333333333333,3.375,4.708333333333333,3.0833333333333335,2.5833333333333335,0.0,37.5,2.25,0.20833333333333334,0.0,0.7083333333333334
Chris Mepham,0.22916666666666666,0.5625,Bournemouth,48,1.3125,0.041666666666666664,0.041666666666666664,1.2083333333333333,5.1875,3.5833333333333335,4.020833333333333,2.7083333333333335,0.020833333333333332,36.416666666666664,1.5625,0.1875,0.0,0.6875
Adam Smith,0.3103448275862069,0.45977011494252873,Bournemouth,174,1.9597701149425288,0.005747126436781609,0.1206896551724138,1.1781609195402298,1.9482758620689655,4.091954022988506,5.275862068965517,4.413793103448276,0.028735632183908046,33.39080459770115,1.1954022988505748,0.21839080459770116,0.005747126436781609,0.9885057471264368
Jack Stacey,0.21428571428571427,0.5714285714285714,Bournemouth,28,0.9285714285714286,0.0,0.0,0.8214285714285714,2.357142857142857,3.6785714285714284,3.107142857142857,2.857142857142857,0.0,24.785714285714285,1.0714285714285714,0.14285714285714285,0.0,0.5
Jordan Zemura,0.21052631578947367,0.47368421052631576,Bournemouth,19,2.0526315789473686,0.0,0.05263157894736842,0.8421052631578947,1.368421052631579,4.105263157894737,4.105263157894737,4.105263157894737,0.0,24.05263157894737,0.5789473684210527,0.05263157894736842,0.0,0.8947368421052632
Ryan Fredericks,0.30666666666666664,0.4666666666666667,Bournemouth,75,1.7866666666666666,0.013333333333333334,0.08,0.7066666666666667,2.04,2.9066666666666667,3.6666666666666665,3.0,0.02666666666666667,24.0,0.68,0.21333333333333335,0.0,0.68
Marcos Senesi,0.23076923076923078,0.6153846153846154,Bournemouth,26,1.5769230769230769,0.0,0.038461538461538464,1.2307692307692308,4.615384615384615,5.230769230769231,3.1538461538461537,2.3076923076923075,0.07692307692307693,38.30769230769231,3.3846153846153846,0.15384615384615385,0.0,0.8461538461538461
Jack Stephens,0.27205882352941174,0.4338235294117647,Bournemouth,136,1.3897058823529411,0.007352941176470588,0.03676470588235294,1.4485294117647058,3.9926470588235294,5.3161764705882355,3.735294117647059,3.2058823529411766,0.029411764705882353,41.51470588235294,2.5661764705882355,0.16911764705882354,0.014705882352941176,0.5661764705882353
Matias Vina,0.6,0.4,Bournemouth,5,1.0,0.0,0.0,0.2,0.8,1.0,3.0,1.0,0.2,4.2,0.0,0.0,0.0,0.0
Illia Zabarnyi,0.0,1.0,Bournemouth,1,0.0,0.0,0.0,0.0,0.0,0.0,0.0,1.0,0.0,1.0,0.0,0.0,0.0,0.0
Kieran Tierney,0.5930232558139535,0.2441860465116279,Arsenal,86,0.9186046511627907,0.0,0.1511627906976744,0.5697674418604651,1.755813953488372,3.4302325581395348,2.453488372093023,2.453488372093023,0.03488372093023256,33.406976744186046,1.4069767441860466,0.06976744186046512,0.0,0.36046511627906974
Ben White,0.5151515151515151,0.26262626262626265,Arsenal,99,1.4545454545454546,0.0,0.1111111111111111,1.2323232323232323,2.1818181818181817,4.646464646464646,3.878787878787879,3.2525252525252526,0.020202020202020204,51.5959595959596,2.2626262626262625,0.1111111111111111,0.010101010101010102,0.696969696969697
Gabriel Magalhaes,0.6292134831460674,0.24719101123595505,Arsenal,89,1.3258426966292134,0.033707865168539325,0.15730337078651685,0.7191011235955056,3.269662921348315,5.134831460674158,4.674157303370786,2.752808988764045,0.11235955056179775,62.38202247191011,2.337078651685393,0.1348314606741573,0.02247191011235955,0.7191011235955056
Rob Holding,0.5894736842105263,0.25263157894736843,Arsenal,95,1.1263157894736842,0.0,0.05263157894736842,0.8842105263157894,3.6842105263157894,4.189473684210526,3.778947368421053,3.136842105263158,0.010526315789473684,48.16842105263158,2.431578947368421,0.12631578947368421,0.010526315789473684,0.6947368421052632
Takehiro Tomiyasu,0.6904761904761905,0.21428571428571427,Arsenal,42,1.4761904761904763,0.023809523809523808,0.09523809523809523,0.9047619047619048,1.6428571428571428,3.119047619047619,3.619047619047619,2.880952380952381,0.0,31.738095238095237,1.1904761904761905,0.09523809523809523,0.0,0.5238095238095238
William Saliba,0.7777777777777778,0.1111111111111111,Arsenal,27,1.2592592592592593,0.037037037037037035,0.0,0.7037037037037037,3.037037037037037,7.62962962962963,4.037037037037037,2.6296296296296298,0.07407407407407407,69.03703703703704,2.3703703703703702,0.14814814814814814,0.0,0.7037037037037037
Jakub Kiwior,0.5,0.0,Arsenal,2,0.5,0.0,0.0,0.0,0.0,0.0,0.5,0.0,0.0,3.5,0.0,0.0,0.0,0.0
Matty Cash,0.39325842696629215,0.4606741573033708,Aston Villa,89,2.337078651685393,0.0,0.1797752808988764,1.4943820224719102,2.2247191011235956,4.696629213483146,4.842696629213483,3.8876404494382024,0.0449438202247191,33.29213483146067,1.651685393258427,0.19101123595505617,0.011235955056179775,1.0224719101123596
Ezri Konsa,0.3884297520661157,0.4297520661157025,Aston Villa,121,0.8512396694214877,0.01652892561983471,0.08264462809917356,0.7272727272727273,3.3388429752066116,4.033057851239669,4.487603305785124,2.3884297520661155,0.04132231404958678,37.892561983471076,1.5702479338842976,0.12396694214876033,0.01652892561983471,0.5206611570247934
Tyrone Mings,0.37333333333333335,0.44666666666666666,Aston Villa,150,0.6466666666666666,0.04,0.08,1.18,4.586666666666667,5.406666666666666,3.46,2.12,0.03333333333333333,45.06666666666667,3.1466666666666665,0.18,0.006666666666666667,0.62
Calum Chambers,0.37572254335260113,0.3872832369942196,Aston Villa,173,1.69364161849711,0.011560693641618497,0.15028901734104047,1.5549132947976878,3.6300578034682083,4.971098265895954,4.624277456647399,4.144508670520231,0.04046242774566474,41.24277456647399,2.086705202312139,0.1791907514450867,0.005780346820809248,0.9479768786127167
Ashley Young,0.47115384615384615,0.2644230769230769,Aston Villa,416,1.4182692307692308,0.0,0.3942307692307692,1.1129807692307692,1.0841346153846154,4.012019230769231,4.295673076923077,4.389423076923077,0.11778846153846154,30.247596153846153,1.7860576923076923,0.18028846153846154,0.004807692307692308,1.0408653846153846
Lucas Digne,0.3841059602649007,0.39072847682119205,Aston Villa,151,1.8543046357615893,0.0,0.2781456953642384,1.2251655629139073,2.3443708609271523,4.900662251655629,5.509933774834437,4.119205298013245,0.033112582781456956,38.629139072847686,1.3973509933774835,0.152317880794702,0.013245033112582781,1.099337748344371
Diego Carlos,0.5,0.5,Aston Villa,2,0.5,0.0,0.5,0.5,1.0,7.0,2.0,2.5,0.0,62.5,3.0,0.0,0.0,0.5
Alex Moreno,0.6923076923076923,0.23076923076923078,Aston Villa,13,1.2307692307692308,0.07692307692307693,0.15384615384615385,0.3076923076923077,1.4615384615384615,4.153846153846154,4.0,5.230769230769231,0.0,34.23076923076923,0.38461538461538464,0.23076923076923078,0.0,1.2307692307692308
Rico Henry,0.328125,0.359375,Brentford,64,1.21875,0.0,0.1875,0.78125,1.765625,5.28125,3.828125,4.484375,0.046875,27.90625,1.015625,0.03125,0.0,0.671875
Ethan Pinnock,0.32727272727272727,0.4,Brentford,55,1.6545454545454545,0.03636363636363636,0.09090909090909091,1.290909090909091,5.909090909090909,4.181818181818182,6.4363636363636365,2.890909090909091,0.05454545454545454,40.67272727272727,1.8727272727272728,0.01818181818181818,0.0,0.2727272727272727
Pontus Jansson,0.32653061224489793,0.4489795918367347,Brentford,49,0.9183673469387755,0.0,0.10204081632653061,1.2448979591836735,4.571428571428571,3.8979591836734695,3.7755102040816326,2.63265306122449,0.08163265306122448,36.816326530612244,1.0612244897959184,0.14285714285714285,0.0,0.3469387755102041
Kristoffer Ajer,0.3333333333333333,0.42424242424242425,Brentford,33,1.2121212121212122,0.0,0.15151515151515152,1.0,2.6666666666666665,4.393939393939394,4.303030303030303,2.9696969696969697,0.030303030303030304,30.818181818181817,1.4545454545454546,0.15151515151515152,0.0,0.5151515151515151
Zanka,0.2261904761904762,0.5119047619047619,Brentford,84,1.5238095238095237,0.011904761904761904,0.05952380952380952,2.011904761904762,4.345238095238095,4.488095238095238,3.619047619047619,3.7738095238095237,0.047619047619047616,39.67857142857143,2.369047619047619,0.17857142857142858,0.0,1.119047619047619
Mads Roerslev,0.43243243243243246,0.32432432432432434,Brentford,37,1.162162162162162,0.0,0.02702702702702703,0.6756756756756757,1.4864864864864864,2.6216216216216215,2.1621621621621623,3.054054054054054,0.02702702702702703,14.35135135135135,0.5675675675675675,0.02702702702702703,0.0,0.5405405405405406
Aaron Hickey,0.2631578947368421,0.3684210526315789,Brentford,19,1.7894736842105263,0.0,0.15789473684210525,0.8421052631578947,0.9473684210526315,4.0,4.578947368421052,3.4210526315789473,0.0,26.789473684210527,0.8947368421052632,0.3157894736842105,0.0,0.7894736842105263
Ben Mee,0.291497975708502,0.4251012145748988,Brentford,247,1.3400809716599191,0.024291497975708502,0.08097165991902834,1.4939271255060729,5.716599190283401,5.538461538461538,5.720647773279352,3.5303643724696356,0.048582995951417005,37.587044534412954,3.736842105263158,0.17813765182186234,0.0,0.6234817813765182
Finley Stevens,0.0,1.0,Brentford,1,3.0,0.0,0.0,0.0,0.0,0.0,4.0,0.0,0.0,6.0,0.0,0.0,0.0,0.0
Tariq Lamptey,0.3142857142857143,0.34285714285714286,Brighton & Hove Albion,70,1.042857142857143,0.0,0.12857142857142856,0.9,0.6571428571428571,3.1857142857142855,3.7857142857142856,3.5285714285714285,0.014285714285714285,19.97142857142857,0.22857142857142856,0.12857142857142856,0.014285714285714285,0.9571428571428572
Adam Webster,0.34285714285714286,0.3047619047619048,Brighton & Hove Albion,105,0.9809523809523809,0.01904761904761905,0.08571428571428572,1.2,2.8285714285714287,5.076190476190476,4.571428571428571,2.723809523809524,0.05714285714285714,59.733333333333334,3.361904761904762,0.13333333333333333,0.0,0.5904761904761905
Lewis Dunk,0.2935323383084577,0.39303482587064675,Brighton & Hove Albion,201,1.054726368159204,0.009950248756218905,0.15920398009950248,1.2835820895522387,4.08955223880597,6.407960199004975,4.398009950248756,2.7064676616915424,0.06467661691542288,59.233830845771145,4.746268656716418,0.14925373134328357,0.01990049751243781,0.6119402985074627
Joel Veltman,0.3146067415730337,0.3146067415730337,Brighton & Hove Albion,89,2.235955056179775,0.0,0.1348314606741573,1.0898876404494382,2.146067415730337,4.932584269662922,5.292134831460674,3.606741573033708,0.033707865168539325,45.47191011235955,2.0,0.1348314606741573,0.0,1.0674157303370786
Jan Paul van Hecke,0.5,0.0,Brighton & Hove Albion,4,0.5,0.0,0.0,1.0,0.75,1.0,1.0,0.5,0.0,25.0,0.25,0.0,0.0,0.0
Levi Colwill,0.6,0.3,Brighton & Hove Albion,10,0.2,0.0,0.0,0.8,1.9,4.2,3.8,1.5,0.0,64.1,2.5,0.0,0.0,0.3
Pervis Estupinan,0.5,0.3076923076923077,Brighton & Hove Albion,26,1.8461538461538463,0.0,0.3076923076923077,1.2692307692307692,1.0384615384615385,5.269230769230769,4.1923076923076925,3.9615384615384617,0.0,46.38461538461539,0.9615384615384616,0.11538461538461539,0.0,1.1153846153846154
Thiago Silva,0.4473684210526316,0.2894736842105263,Chelsea,76,1.131578947368421,0.013157894736842105,0.15789473684210525,1.394736842105263,3.5,6.105263157894737,3.6710526315789473,1.855263157894737,0.06578947368421052,81.19736842105263,5.092105263157895,0.07894736842105263,0.013157894736842105,0.4342105263157895
Reece James,0.4897959183673469,0.25510204081632654,Chelsea,98,1.5816326530612246,0.0,0.37755102040816324,0.6938775510204082,1.0510204081632653,4.540816326530612,4.8979591836734695,3.7551020408163267,0.07142857142857142,50.43877551020408,1.989795918367347,0.12244897959183673,0.01020408163265306,0.8367346938775511
Cesar Azpilicueta,0.5539358600583091,0.2099125364431487,Chelsea,343,2.489795918367347,0.0029154518950437317,0.10787172011661808,1.5772594752186588,2.75801749271137,4.8425655976676385,4.973760932944606,3.5393586005830904,0.029154518950437316,57.78717201166181,2.1137026239067054,0.09912536443148688,0.0058309037900874635,0.9183673469387755
Kalidou Koulibaly,0.36363636363636365,0.4090909090909091,Chelsea,22,1.9545454545454546,0.0,0.045454545454545456,1.3181818181818181,3.227272727272727,5.681818181818182,4.045454545454546,3.090909090909091,0.09090909090909091,65.63636363636364,3.0,0.22727272727272727,0.045454545454545456,1.0
Marc Cucurella,0.288135593220339,0.3220338983050847,Chelsea,59,2.694915254237288,0.01694915254237288,0.13559322033898305,0.7796610169491526,1.728813559322034,6.220338983050848,5.067796610169491,3.440677966101695,0.01694915254237288,50.69491525423729,1.4406779661016949,0.1694915254237288,0.0,0.7457627118644068
Ben Chilwell,0.43137254901960786,0.3333333333333333,Chelsea,153,1.4901960784313726,0.006535947712418301,0.1503267973856209,1.0522875816993464,2.215686274509804,4.836601307189542,5.718954248366013,4.836601307189542,0.0784313725490196,45.071895424836605,1.3660130718954249,0.10457516339869281,0.006535947712418301,0.8300653594771242
Wesley Fofana,0.425531914893617,0.3404255319148936,Chelsea,47,1.8936170212765957,0.0,0.0425531914893617,2.127659574468085,3.0638297872340425,5.829787234042553,6.382978723404255,4.085106382978723,0.02127659574468085,62.1063829787234,2.127659574468085,0.2553191489361702,0.0,1.1063829787234043
Trevoh Chalobah,0.5263157894736842,0.18421052631578946,Defender,38,1.631578947368421,0.02631578947368421,0.05263157894736842,0.9210526315789473,2.210526315789474,3.526315789473684,3.9210526315789473,2.8421052631578947,0.07894736842105263,52.39473684210526,1.894736842105263,0.15789473684210525,0.0,0.7368421052631579
Ben Chilwell,0.43137254901960786,0.3333333333333333,Chelsea,153,1.4901960784313726,0.006535947712418301,0.1503267973856209,1.0522875816993464,2.215686274509804,4.836601307189542,5.718954248366013,4.836601307189542,0.0784313725490196,45.071895424836605,1.3660130718954249,0.10457516339869281,0.006535947712418301,0.8300653594771242
Benoit Badiashile,0.3333333333333333,0.2222222222222222,Chelsea,9,1.4444444444444444,0.0,0.2222222222222222,1.4444444444444444,3.2222222222222223,7.111111111111111,4.888888888888889,2.7777777777777777,0.0,72.66666666666667,3.111111111111111,0.1111111111111111,0.0,0.7777777777777778
Joel Ward,0.32116788321167883,0.4489051094890511,Crystal Palace,274,2.1861313868613137,0.010948905109489052,0.10583941605839416,1.667883211678832,3.7335766423357666,4.945255474452555,5.649635036496351,3.9671532846715327,0.014598540145985401,34.18248175182482,1.7408759124087592,0.16423357664233576,0.0,1.0072992700729928
Tyrick Mitchell,0.2840909090909091,0.4090909090909091,Crystal Palace,88,2.590909090909091,0.0,0.056818181818181816,1.1136363636363635,2.0681818181818183,5.545454545454546,4.136363636363637,3.022727272727273,0.011363636363636364,35.04545454545455,1.4431818181818181,0.07954545454545454,0.011363636363636364,0.5681818181818182
James Tomkins,0.312280701754386,0.44912280701754387,Crystal Palace,285,1.6245614035087719,0.02456140350877193,0.09824561403508772,1.6,7.4,3.736842105263158,5.231578947368421,3.0035087719298246,0.04912280701754386,31.164912280701753,2.8,0.17543859649122806,0.010526315789473684,0.631578947368421
Marc Guehi,0.2878787878787879,0.3484848484848485,Crystal Palace,66,1.196969696969697,0.015151515151515152,0.12121212121212122,1.0454545454545454,3.5757575757575757,5.7727272727272725,3.984848484848485,2.3181818181818183,0.045454545454545456,61.166666666666664,4.181818181818182,0.18181818181818182,0.0,0.5303030303030303
Joachim Andersen,0.26666666666666666,0.36666666666666664,Crystal Palace,90,1.011111111111111,0.022222222222222223,0.044444444444444446,1.1333333333333333,4.833333333333333,5.133333333333334,4.055555555555555,2.7888888888888888,0.022222222222222223,64.3,6.588888888888889,0.2,0.011111111111111112,0.9
Nathaniel Clyne,0.3983050847457627,0.3474576271186441,Crystal Palace,236,2.2711864406779663,0.012711864406779662,0.13135593220338984,1.3898305084745763,2.059322033898305,4.415254237288136,3.7161016949152543,2.9152542372881354,0.01694915254237288,39.78389830508475,1.271186440677966,0.1016949152542373,0.0,0.5
Nathan Ferguson,0.0,1.0,Crystal Palace,1,0.0,0.0,0.0,0.0,0.0,0.0,0.0,0.0,0.0,3.0,0.0,0.0,0.0,0.0
Jairo Riedewald,0.2753623188405797,0.5072463768115942,Crystal Palace,69,0.8985507246376812,0.0,0.07246376811594203,0.855072463768116,0.855072463768116,2.63768115942029,1.6666666666666667,1.4927536231884058,0.028985507246376812,17.36231884057971,0.6811594202898551,0.057971014492753624,0.0,0.42028985507246375
Chris Richards,0.125,0.375,Crystal Palace,8,0.875,0.0,0.125,1.0,3.375,1.0,2.25,0.75,0.0,17.875,1.125,0.0,0.0,0.125
Nathan Patterson,0.06666666666666667,0.5333333333333333,Everton,15,2.6,0.0,0.26666666666666666,0.8,1.8666666666666667,4.666666666666667,4.4,3.2666666666666666,0.0,26.2,0.7333333333333333,0.2,0.0,0.5333333333333333
Mason Holgate,0.3902439024390244,0.34959349593495936,Everton,123,1.7235772357723578,0.024390243902439025,0.04878048780487805,1.2032520325203253,3.845528455284553,4.439024390243903,4.7560975609756095,3.317073170731707,0.024390243902439025,36.78861788617886,3.1951219512195124,0.22764227642276422,0.008130081300813009,0.8292682926829268
Michael Keane,0.34513274336283184,0.42035398230088494,Everton,226,1.0265486725663717,0.01327433628318584,0.10176991150442478,1.6106194690265487,5.716814159292035,4.252212389380531,5.5,3.415929203539823,0.05309734513274336,41.47345132743363,3.2876106194690267,0.084070796460177,0.004424778761061947,0.5176991150442478
Yerry Mina,0.4268292682926829,0.34146341463414637,Everton,82,1.1585365853658536,0.036585365853658534,0.10975609756097561,0.8902439024390244,3.682926829268293,3.926829268292683,4.817073170731708,2.8658536585365852,0.07317073170731707,44.52439024390244,2.731707317073171,0.14634146341463414,0.0,0.7804878048780488
Vitalii Mykolenko,0.23255813953488372,0.5348837209302325,Everton,43,1.7906976744186047,0.0,0.09302325581395349,1.186046511627907,2.3488372093023258,4.4186046511627906,3.4186046511627906,3.2790697674418605,0.023255813953488372,28.58139534883721,1.069767441860465,0.09302325581395349,0.0,0.9302325581395349
Ben Godfrey,0.25263157894736843,0.5473684210526316,Everton,95,1.5052631578947369,0.021052631578947368,0.11578947368421053,0.8421052631578947,3.9473684210526314,4.473684210526316,4.073684210526316,2.7473684210526317,0.0,39.915789473684214,1.6842105263157894,0.15789473684210525,0.010526315789473684,0.5789473684210527
Seamus Coleman,0.39316239316239315,0.32763532763532766,Everton,351,1.7435897435897436,0.017094017094017096,0.16524216524216523,1.0256410256410255,1.96011396011396,4.754985754985755,4.578347578347579,3.868945868945869,0.06267806267806268,31.358974358974358,1.2621082621082622,0.09686609686609686,0.005698005698005698,0.6495726495726496
James Tarkowski,0.3111111111111111,0.44,Everton,225,1.64,0.017777777777777778,0.10222222222222223,1.32,5.311111111111111,4.222222222222222,6.804444444444444,3.4355555555555557,0.035555555555555556,34.18222222222222,3.2622222222222224,0.2088888888888889,0.0,0.9422222222222222
Ruben Vinagre,0.3783783783783784,0.32432432432432434,Everton,37,1.2432432432432432,0.0,0.05405405405405406,0.7297297297297297,0.8918918918918919,3.108108108108108,3.189189189189189,3.4054054054054053,0.0,16.91891891891892,0.43243243243243246,0.05405405405405406,0.0,0.5675675675675675
Conor Coady,0.367816091954023,0.3850574712643678,Everton,174,0.8448275862068966,0.022988505747126436,0.028735632183908046,0.7298850574712644,3.4195402298850577,5.17816091954023,2.074712643678161,1.603448275862069,0.034482758620689655,47.270114942528735,5.885057471264368,0.12643678160919541,0.0,0.45977011494252873
Kenny Tete,0.2826086956521739,0.45652173913043476,Lyon,46,2.4565217391304346,0.0,0.10869565217391304,1.326086956521739,2.282608695652174,3.9347826086956523,5.304347826086956,3.391304347826087,0.0,33.391304347826086,1.3478260869565217,0.21739130434782608,0.0,1.3043478260869565
Tim Ream,0.27631578947368424,0.5263157894736842,Fulham,76,1.0789473684210527,0.013157894736842105,0.0,1.4736842105263157,4.25,5.184210526315789,3.1315789473684212,2.5657894736842106,0.013157894736842105,48.60526315789474,2.9473684210526314,0.05263157894736842,0.0,0.4605263157894737
Tosin Adarabioyo,0.26,0.44,Fulham,50,1.04,0.02,0.08,1.24,5.6,4.36,3.96,2.26,0.02,53.88,3.28,0.08,0.0,0.54
Antonee Robinson,0.2727272727272727,0.41818181818181815,Fulham,55,1.6727272727272726,0.0,0.07272727272727272,1.4,1.981818181818182,5.781818181818182,4.763636363636364,3.581818181818182,0.0,39.4,1.7272727272727273,0.2,0.01818181818181818,0.8181818181818182
Shane Duffy,0.2711864406779661,0.3983050847457627,Fulham,118,0.847457627118644,0.00847457627118644,0.11864406779661017,1.1016949152542372,6.262711864406779,3.694915254237288,5.788135593220339,2.847457627118644,0.059322033898305086,37.28813559322034,3.0084745762711864,0.17796610169491525,0.00847457627118644,0.711864406779661
Issa Diop,0.391304347826087,0.4,Fulham,115,1.2869565217391303,0.017391304347826087,0.02608695652173913,1.4521739130434783,4.113043478260869,4.521739130434782,3.7304347826086954,2.5130434782608697,0.06086956521739131,36.59130434782609,1.608695652173913,0.14782608695652175,0.0,0.6347826086956522
Layvin Kurzawa,0.0,0.6666666666666666,Fulham,3,1.0,0.0,0.0,0.6666666666666666,0.6666666666666666,1.6666666666666667,1.6666666666666667,2.0,0.0,9.0,0.0,0.3333333333333333,0.0,0.3333333333333333
Cedric Soares,0.3765432098765432,0.3888888888888889,Fulham,162,2.074074074074074,0.037037037037037035,0.16049382716049382,1.0987654320987654,2.271604938271605,4.388888888888889,3.7777777777777777,3.5864197530864197,0.018518518518518517,36.02469135802469,2.0,0.13580246913580246,0.0,0.6419753086419753
Luke Ayling,0.3218390804597701,0.47126436781609193,Leeds United,87,2.67816091954023,0.0,0.20689655172413793,0.9655172413793104,1.8505747126436782,6.655172413793103,6.241379310344827,4.816091954022989,0.034482758620689655,51.275862068965516,3.6436781609195403,0.14942528735632185,0.011494252873563218,0.7241379310344828
Junior Firpo,0.20512820512820512,0.5897435897435898,Leeds United,39,2.4871794871794872,0.0,0.05128205128205128,1.1282051282051282,1.4102564102564104,4.102564102564102,4.564102564102564,4.358974358974359,0.02564102564102564,30.794871794871796,0.717948717948718,0.41025641025641024,0.0,1.4615384615384615
Robin Koch,0.31343283582089554,0.47761194029850745,Leeds United,67,1.373134328358209,0.014925373134328358,0.19402985074626866,1.3134328358208955,2.970149253731343,5.029850746268656,4.492537313432836,3.8208955223880596,0.0,42.0,2.1492537313432836,0.14925373134328357,0.0,1.0298507462686568
Liam Cooper,0.3064516129032258,0.45161290322580644,Leeds United,62,2.2580645161290325,0.016129032258064516,0.03225806451612903,2.161290322580645,3.274193548387097,5.774193548387097,6.741935483870968,3.725806451612903,0.03225806451612903,55.854838709677416,2.903225806451613,0.1774193548387097,0.016129032258064516,0.8225806451612904
Pascal Struijk,0.32098765432098764,0.4567901234567901,Leeds United,81,2.271604938271605,0.012345679012345678,0.12345679012345678,1.3580246913580247,2.45679012345679,5.135802469135802,4.506172839506172,3.6049382716049383,0.04938271604938271,43.95061728395062,1.7777777777777777,0.16049382716049382,0.012345679012345678,0.9382716049382716
Stuart Dallas,0.3611111111111111,0.4305555555555556,Leeds United,72,2.3194444444444446,0.013888888888888888,0.3472222222222222,1.4027777777777777,1.4166666666666667,6.597222222222222,5.041666666666667,4.638888888888889,0.125,46.013888888888886,1.8194444444444444,0.16666666666666666,0.0,1.0138888888888888
Rasmus Kristensen,0.3,0.5,Leeds United,20,2.4,0.0,0.1,1.25,1.9,3.85,4.25,3.5,0.1,30.0,0.8,0.2,0.0,0.9
Maximilian Wober,0.2,0.5,Leeds United,10,1.6,0.0,0.3,1.7,3.8,5.2,3.1,2.2,0.0,41.9,2.5,0.1,0.0,0.4
James Justin,0.4444444444444444,0.3492063492063492,Leicester City,63,2.2063492063492065,0.0,0.14285714285714285,1.1587301587301588,2.1587301587301586,4.650793650793651,5.650793650793651,4.619047619047619,0.031746031746031744,47.23809523809524,1.4285714285714286,0.07936507936507936,0.0,0.6190476190476191
Caglar Soyuncu,0.44680851063829785,0.3191489361702128,Leicester City,94,1.5319148936170213,0.031914893617021274,0.0425531914893617,1.1914893617021276,3.9680851063829787,5.0638297872340425,5.319148936170213,3.276595744680851,0.031914893617021274,63.04255319148936,2.74468085106383,0.14893617021276595,0.010638297872340425,0.8829787234042553
Ryan Bertrand,0.3511450381679389,0.41603053435114506,Leicester City,262,1.5305343511450382,0.003816793893129771,0.1297709923664122,1.381679389312977,1.6564885496183206,3.782442748091603,4.255725190839694,3.877862595419847,0.026717557251908396,38.217557251908396,1.2671755725190839,0.13740458015267176,0.007633587786259542,0.9198473282442748
Jonny Evans,0.47875354107648727,0.3031161473087819,Leicester City,353,1.461756373937677,0.0113314447592068,0.06232294617563739,1.8895184135977336,5.747875354107649,5.461756373937677,4.739376770538244,2.696883852691218,0.039660056657223795,47.507082152974505,3.4390934844192635,0.1529745042492918,0.0084985835694051,0.7903682719546742
Daniel Amartey,0.36792452830188677,0.42452830188679247,Leicester City,106,1.169811320754717,0.0,0.03773584905660377,0.8584905660377359,2.4622641509433962,5.2924528301886795,2.981132075471698,2.7169811320754715,0.018867924528301886,43.10377358490566,1.6037735849056605,0.12264150943396226,0.009433962264150943,0.6037735849056604
Ricardo Pereira,0.42,0.41,Leicester City,100,3.13,0.0,0.21,1.45,2.42,5.3,7.18,6.23,0.07,43.34,1.3,0.15,0.0,1.13
Jannik Vestergaard,0.34146341463414637,0.45121951219512196,Leicester City,82,1.670731707317073,0.012195121951219513,0.0975609756097561,1.3414634146341464,5.146341463414634,4.658536585365853,5.7560975609756095,3.268292682926829,0.04878048780487805,46.426829268292686,2.792682926829268,0.12195121951219512,0.012195121951219513,0.5975609756097561
Timothy Castagne,0.38095238095238093,0.42857142857142855,Leicester City,84,2.3214285714285716,0.023809523809523808,0.08333333333333333,1.1428571428571428,2.0238095238095237,4.678571428571429,4.488095238095238,3.9285714285714284,0.047619047619047616,44.11904761904762,1.0952380952380953,0.05952380952380952,0.0,0.6547619047619048
Luke Thomas,0.35294117647058826,0.5098039215686274,Leicester City,51,1.7254901960784315,0.0,0.0784313725490196,1.6274509803921569,1.8431372549019607,4.1568627450980395,4.235294117647059,4.470588235294118,0.0196078431372549,38.568627450980394,1.0196078431372548,0.09803921568627451,0.0,0.6470588235294118
Wout Faes,0.2916666666666667,0.625,Leicester City,24,1.9583333333333333,0.0,0.08333333333333333,1.4583333333333333,3.25,5.875,4.708333333333333,2.9166666666666665,0.0,64.58333333333333,2.8333333333333335,0.16666666666666666,0.041666666666666664,0.875
Victor Kristiansen,0.25,0.75,Leicester City,8,3.375,0.0,0.125,0.375,2.0,4.5,5.5,4.25,0.0,32.625,1.125,0.125,0.0,1.125
Harry Souttar,0.2,0.7,Leicester City,10,1.3,0.0,0.2,1.1,3.9,4.5,5.6,1.9,0.0,52.8,1.9,0.2,0.0,0.5
Virgil van Dijk,0.6153846153846154,0.18099547511312217,Liverpool,221,1.0271493212669682,0.01809954751131222,0.17194570135746606,1.5339366515837105,5.131221719457014,5.3122171945701355,6.04524886877828,2.262443438914027,0.09049773755656108,69.66515837104072,4.723981900452489,0.06334841628959276,0.004524886877828055,0.502262443438914
Ibrahima Konate,0.4782608695652174,0.21739130434782608,Liverpool,23,1.826086956521739,0.13043478260869565,0.08695652173913043,1.4782608695652173,3.391304347826087,6.434782608695652,5.217391304347826,3.260869565217391,0.0,65.6086956521739,1.9565217391304348,0.13043478260869565,0.0,1.1304347826086956
Joe Gomez,0.6635514018691588,0.12149532710280374,Liverpool,107,1.411214953271028,0.009345794392523364,0.04672897196261682,1.205607476635514,2.2803738317757007,5.327102803738318,4.233644859813084,3.289719626168224,0.0,59.47663551401869,2.897196261682243,0.18691588785046728,0.0,0.7570093457943925
Konstantinos Tsimikas,0.5161290322580645,0.22580645161290322,Liverpool,31,1.2903225806451613,0.0,0.22580645161290322,0.5483870967741935,1.0,3.2903225806451615,2.7096774193548385,2.967741935483871,0.0,27.967741935483872,0.8064516129032258,0.16129032258064516,0.0,1.0
Andrew Robertson,0.5591836734693878,0.22040816326530613,Liverpool,245,1.5591836734693878,0.00816326530612245,0.1306122448979592,1.0204081632653061,1.779591836734694,5.742857142857143,3.2,2.951020408163265,0.0326530612244898,57.689795918367345,2.048979591836735,0.12244897959183673,0.004081632653061225,0.5755102040816327
Joel Matip,0.644927536231884,0.10144927536231885,Liverpool,138,1.5072463768115942,0.021739130434782608,0.14492753623188406,1.3695652173913044,3.717391304347826,5.188405797101449,4.920289855072464,2.4782608695652173,0.057971014492753624,64.02173913043478,2.9782608695652173,0.11594202898550725,0.0,0.6014492753623188
Trent Alexander-Arnold,0.6684210526315789,0.14736842105263157,Liverpool,190,1.5842105263157895,0.010526315789473684,0.37894736842105264,1.2473684210526317,1.5,6.326315789473684,2.789473684210526,3.1210526315789475,0.05789473684210526,60.23684210526316,4.6421052631578945,0.1,0.0,0.5263157894736842
Nathaniel Phillips,0.6842105263157895,0.15789473684210525,Liverpool,19,1.263157894736842,0.0,0.15789473684210525,1.1578947368421053,4.315789473684211,5.105263157894737,7.052631578947368,4.421052631578948,0.05263157894736842,63.10526315789474,2.789473684210526,0.10526315789473684,0.0,1.105263157894737
Stefan Bajcetic,0.6363636363636364,0.18181818181818182,Liverpool,11,0.8181818181818182,0.0,0.18181818181818182,0.8181818181818182,0.36363636363636365,3.6363636363636362,3.090909090909091,3.727272727272727,0.09090909090909091,23.0,1.0909090909090908,0.18181818181818182,0.0,0.6363636363636364
Rhys Williams,0.7777777777777778,0.1111111111111111,Liverpool,9,0.6666666666666666,0.0,0.2222222222222222,0.6666666666666666,2.888888888888889,3.7777777777777777,4.222222222222222,1.3333333333333333,0.0,56.0,2.111111111111111,0.0,0.0,0.4444444444444444
Kyle Walker,0.6338028169014085,0.16056338028169015,Manchester City,355,1.8338028169014085,0.016901408450704224,0.17464788732394365,1.5070422535211268,2.436619718309859,5.304225352112676,4.766197183098591,3.5408450704225354,0.022535211267605635,56.40845070422535,3.1154929577464787,0.13802816901408452,0.0028169014084507044,0.7859154929577464
Ruben Dias,0.7710843373493976,0.0963855421686747,Manchester City,83,0.8313253012048193,0.0,0.13253012048192772,0.9036144578313253,2.4216867469879517,3.8795180722891565,3.2409638554216866,2.3493975903614457,0.03614457831325301,80.12048192771084,3.1566265060240966,0.13253012048192772,0.0,0.7710843373493976
John Stones,0.6111111111111112,0.2037037037037037,Manchester City,216,1.0231481481481481,0.037037037037037035,0.07407407407407407,1.0416666666666667,3.263888888888889,4.3657407407407405,3.962962962962963,1.8194444444444444,0.032407407407407406,59.282407407407405,3.4768518518518516,0.041666666666666664,0.004629629629629629,0.2962962962962963
Nathan Ake,0.43523316062176165,0.38341968911917096,Manchester City,193,1.5647668393782384,0.0,0.11917098445595854,1.2487046632124352,4.33678756476684,4.1139896373057,4.238341968911917,2.772020725388601,0.07772020725388601,45.15544041450777,1.6580310880829014,0.10880829015544041,0.0051813471502590676,0.6528497409326425
Aymeric Laporte,0.8103448275862069,0.09482758620689655,Manchester City,116,0.9827586206896551,0.008620689655172414,0.13793103448275862,0.8879310344827587,2.189655172413793,5.405172413793103,3.6206896551724137,2.2241379310344827,0.06896551724137931,83.87931034482759,4.137931034482759,0.09482758620689655,0.008620689655172414,0.5603448275862069
Rico Lewis,0.8,0.1,Manchester City,10,1.3,0.0,0.1,0.3,0.7,2.3,2.8,2.6,0.0,39.4,0.3,0.1,0.0,0.6
Manuel Akanji,0.782608695652174,0.17391304347826086,Manchester City,23,1.2608695652173914,0.0,0.21739130434782608,0.6086956521739131,1.1304347826086956,4.782608695652174,2.4782608695652173,2.652173913043478,0.0,70.8695652173913,2.217391304347826,0.08695652173913043,0.0,0.8260869565217391
Victor Lindelof,0.4966887417218543,0.23178807947019867,Manchester United,151,0.8741721854304636,0.013245033112582781,0.039735099337748346,0.8543046357615894,3.4701986754966887,5.337748344370861,3.4503311258278146,2.2119205298013247,0.019867549668874173,53.258278145695364,2.033112582781457,0.07947019867549669,0.0,0.6423841059602649
Phil Jones,0.5147058823529411,0.22549019607843138,Manchester United,204,1.9558823529411764,0.004901960784313725,0.09313725490196079,2.0,5.28921568627451,4.318627450980392,5.200980392156863,2.985294117647059,0.00980392156862745,38.81372549019608,2.3823529411764706,0.1323529411764706,0.0,0.7598039215686274
Harry Maguire,0.4398148148148148,0.33796296296296297,Manchester United,216,1.2037037037037037,0.013888888888888888,0.17592592592592593,1.5324074074074074,4.138888888888889,5.805555555555555,5.819444444444445,2.9166666666666665,0.05092592592592592,53.39351851851852,4.375,0.2175925925925926,0.009259259259259259,0.8472222222222222
Raphael Varane,0.4883720930232558,0.20930232558139536,Manchester United,43,1.186046511627907,0.0,0.11627906976744186,0.6511627906976745,3.6511627906976742,3.8372093023255816,3.6511627906976742,1.7209302325581395,0.023255813953488372,48.76744186046512,2.86046511627907,0.023255813953488372,0.0,0.3488372093023256
Diogo Dalot,0.49230769230769234,0.3076923076923077,Manchester United,65,1.9692307692307693,0.0,0.24615384615384617,1.0769230769230769,2.0,5.107692307692307,4.2,2.6615384615384614,0.015384615384615385,37.292307692307695,2.0923076923076924,0.18461538461538463,0.0,0.7538461538461538
Luke Shaw,0.4482758620689655,0.2413793103448276,Manchester United,232,1.6379310344827587,0.008620689655172414,0.15517241379310345,0.9482758620689655,2.418103448275862,4.724137931034483,4.879310344827586,3.9741379310344827,0.01293103448275862,45.03879310344828,1.1724137931034482,0.21982758620689655,0.004310344827586207,1.0862068965517242
Aaron Wan-Bissaka,0.4791666666666667,0.2777777777777778,Manchester United,144,3.1180555555555554,0.0,0.10416666666666667,1.9236111111111112,2.3541666666666665,5.430555555555555,6.034722222222222,3.8125,0.013888888888888888,43.298611111111114,0.9027777777777778,0.125,0.006944444444444444,0.6736111111111112
Tyrell Malacia,0.6470588235294118,0.29411764705882354,Manchester United,17,2.0,0.0,0.11764705882352941,1.1176470588235294,2.1176470588235294,4.235294117647059,3.2941176470588234,3.2941176470588234,0.0,28.58823529411765,0.8235294117647058,0.17647058823529413,0.0,1.588235294117647
Lisandro Martinez,0.5555555555555556,0.25925925925925924,Manchester United,27,2.0,0.0,0.1111111111111111,1.2222222222222223,3.5925925925925926,6.074074074074074,4.074074074074074,2.7037037037037037,0.037037037037037035,56.22222222222222,2.5185185185185186,0.2222222222222222,0.0,0.7777777777777778
Brandon Williams,0.3404255319148936,0.46808510638297873,Manchester United,47,1.6170212765957446,0.0,0.02127659574468085,1.297872340425532,1.3404255319148937,5.0638297872340425,4.25531914893617,3.4893617021276597,0.02127659574468085,34.212765957446805,1.2553191489361701,0.2978723404255319,0.0,0.8085106382978723
Paul Dummett,0.3424657534246575,0.410958904109589,Newcastle United,146,1.6369863013698631,0.0136986301369863,0.0684931506849315,1.3424657534246576,4.671232876712328,2.9863013698630136,4.568493150684931,2.7534246575342465,0.02054794520547945,30.027397260273972,1.7945205479452055,0.1095890410958904,0.00684931506849315,0.4794520547945205
Fabian Schar,0.4188034188034188,0.3504273504273504,Newcastle United,117,1.4102564102564104,0.02564102564102564,0.18803418803418803,1.8547008547008548,3.9914529914529915,5.264957264957265,4.6239316239316235,3.9145299145299144,0.08547008547008547,40.31623931623932,4.615384615384615,0.2564102564102564,0.008547008547008548,1.0085470085470085
Jamaal Lascelles,0.2911392405063291,0.44936708860759494,Newcastle United,158,0.7531645569620253,0.02531645569620253,0.06962025316455696,0.9936708860759493,5.417721518987341,4.4113924050632916,4.234177215189874,2.392405063291139,0.056962025316455694,31.71518987341772,1.9746835443037976,0.17721518987341772,0.006329113924050633,0.6645569620253164
Jamal Lewis,0.20689655172413793,0.6724137931034483,Newcastle United,58,1.6551724137931034,0.0,0.05172413793103448,0.6724137931034483,1.706896551724138,4.568965517241379,3.4655172413793105,3.4310344827586206,0.017241379310344827,30.775862068965516,1.1379310344827587,0.15517241379310345,0.0,0.603448275862069
Kieran Trippier,0.5034965034965035,0.2727272727272727,Newcastle United,143,2.097902097902098,0.02097902097902098,0.1258741258741259,1.3286713286713288,2.4685314685314683,6.06993006993007,4.881118881118881,3.6223776223776225,0.03496503496503497,48.13986013986014,3.5244755244755246,0.08391608391608392,0.0,0.7622377622377622
Emil Krafth,0.37037037037037035,0.37037037037037035,Newcastle United,54,1.3703703703703705,0.018518518518518517,0.09259259259259259,0.8888888888888888,2.5,3.6666666666666665,3.037037037037037,2.6296296296296298,0.018518518518518517,25.462962962962962,0.7592592592592593,0.16666666666666666,0.0,0.7037037037037037
Javier Manquillo,0.2903225806451613,0.46774193548387094,Newcastle United,124,1.8548387096774193,0.0,0.03225806451612903,0.9516129032258065,2.088709677419355,3.217741935483871,3.879032258064516,3.0403225806451615,0.016129032258064516,22.419354838709676,0.7419354838709677,0.16129032258064516,0.0,0.7016129032258065
Dan Burn,0.35658914728682173,0.3023255813953488,Newcastle United,129,1.6046511627906976,0.0,0.10077519379844961,1.1627906976744187,3.953488372093023,4.162790697674419,5.426356589147287,3.9302325581395348,0.015503875968992248,40.52713178294574,1.4186046511627908,0.17829457364341086,0.0,0.9844961240310077
Sven Botman,0.5357142857142857,0.10714285714285714,Newcastle United,28,1.1071428571428572,0.03571428571428571,0.14285714285714285,1.0357142857142858,3.4642857142857144,5.071428571428571,3.5357142857142856,1.8571428571428572,0.0,48.25,3.2142857142857144,0.07142857142857142,0.0,0.4642857142857143
Matt Targett,0.3870967741935484,0.4,Newcastle United,155,1.8774193548387097,0.0064516129032258064,0.09032258064516129,1.5096774193548388,2.0129032258064514,4.187096774193549,4.180645161290323,3.174193548387097,0.01935483870967742,34.251612903225805,2.0838709677419356,0.10967741935483871,0.0,0.6387096774193548
Harrison Ashby,0.0,1.0,Newcastle United,1,0.0,0.0,0.0,1.0,1.0,0.0,0.0,0.0,0.0,6.0,1.0,0.0,0.0,0.0
Joe Worrall,0.21739130434782608,0.4782608695652174,Nottingham Forest,23,1.6956521739130435,0.0,0.0,0.8260869565217391,3.608695652173913,4.217391304347826,3.739130434782609,2.391304347826087,0.043478260869565216,40.43478260869565,3.0434782608695654,0.2608695652173913,0.0,1.0
Scott McKenna,0.21052631578947367,0.5263157894736842,Nottingham Forest,19,0.631578947368421,0.05263157894736842,0.0,0.5789473684210527,4.368421052631579,3.526315789473684,2.9473684210526314,1.894736842105263,0.0,36.68421052631579,1.9473684210526316,0.21052631578947367,0.0,0.3684210526315789
Steve Cook,0.29444444444444445,0.4722222222222222,Nottingham Forest,180,1.0055555555555555,0.027777777777777776,0.13333333333333333,1.7833333333333334,7.072222222222222,4.555555555555555,5.311111111111111,2.9444444444444446,0.05555555555555555,43.55,3.672222222222222,0.15555555555555556,0.005555555555555556,0.5166666666666667
Giulian Biancone,0.0,0.5,Nottingham Forest,2,1.0,0.0,0.0,0.5,0.0,2.5,2.0,0.0,0.0,9.0,0.5,0.0,0.0,0.0
Moussa Niakhate,0.14285714285714285,0.7142857142857143,Nottingham Forest,7,0.8571428571428571,0.0,0.0,0.7142857142857143,4.571428571428571,4.142857142857143,3.142857142857143,4.0,0.0,23.857142857142858,1.7142857142857142,0.0,0.0,1.2857142857142858
Neco Williams,0.3333333333333333,0.40476190476190477,Nottingham Forest,42,1.8333333333333333,0.0,0.2619047619047619,1.0952380952380953,0.9047619047619048,3.6666666666666665,3.9047619047619047,3.761904761904762,0.0,21.952380952380953,1.2380952380952381,0.19047619047619047,0.0,0.8571428571428571
Harry Toffolo,0.13333333333333333,0.5333333333333333,Nottingham Forest,15,1.0666666666666667,0.0,0.06666666666666667,0.6,1.8,3.3333333333333335,2.466666666666667,2.3333333333333335,0.0,18.0,0.3333333333333333,0.13333333333333333,0.0,0.5333333333333333
Renan Lodi,0.23809523809523808,0.5238095238095238,Nottingham Forest,21,1.9047619047619047,0.0,0.3333333333333333,1.2380952380952381,2.1904761904761907,5.523809523809524,4.857142857142857,3.4761904761904763,0.0,26.523809523809526,1.380952380952381,0.23809523809523808,0.0,0.9047619047619048
Willy Boly,0.3711340206185567,0.3711340206185567,Nottingham Forest,97,2.195876288659794,0.0,0.1134020618556701,1.7422680412371134,4.443298969072165,5.309278350515464,6.092783505154639,3.247422680412371,0.05154639175257732,46.69072164948454,1.9690721649484537,0.08247422680412371,0.020618556701030927,0.8144329896907216
Serge Aurier,0.47368421052631576,0.2631578947368421,Nottingham Forest,95,2.8105263157894735,0.010526315789473684,0.12631578947368421,1.3263157894736841,2.5157894736842104,5.2,6.663157894736842,5.326315789473684,0.06315789473684211,39.10526315789474,1.0526315789473684,0.06315789473684211,0.021052631578947368,1.2210526315789474
Felipe,0.0,0.7,Nottingham Forest,10,2.8,0.0,0.2,2.4,6.0,7.7,8.6,4.5,0.0,42.4,2.2,0.2,0.0,0.9
Kyle Walker-Peters,0.3425925925925926,0.4166666666666667,Southampton,108,2.0277777777777777,0.009259259259259259,0.21296296296296297,1.1018518518518519,1.4351851851851851,5.592592592592593,5.87037037037037,4.712962962962963,0.018518518518518517,37.05555555555556,1.0648148148148149,0.12037037037037036,0.0,0.8611111111111112
Lyanco,0.3103448275862069,0.5172413793103449,Southampton,29,1.1379310344827587,0.10344827586206896,0.13793103448275862,0.896551724137931,2.5517241379310347,4.586206896551724,3.206896551724138,2.3448275862068964,0.0,24.17241379310345,1.2758620689655173,0.20689655172413793,0.0,0.8275862068965517
Romain Perraud,0.1702127659574468,0.574468085106383,Southampton,47,1.7446808510638299,0.0,0.44680851063829785,0.7446808510638298,1.425531914893617,3.4468085106382977,3.3191489361702127,4.148936170212766,0.0425531914893617,24.72340425531915,0.5106382978723404,0.1276595744680851,0.0,1.2765957446808511
Tino Livramento,0.25,0.35714285714285715,Southampton,28,1.9285714285714286,0.0,0.10714285714285714,1.6785714285714286,1.6785714285714286,6.285714285714286,5.142857142857143,3.5357142857142856,0.03571428571428571,32.357142857142854,0.9642857142857143,0.07142857142857142,0.0,0.42857142857142855
Mohammed Salisu,0.22058823529411764,0.5,Southampton,68,2.485294117647059,0.029411764705882353,0.10294117647058823,1.8529411764705883,4.382352941176471,6.632352941176471,5.720588235294118,3.7794117647058822,0.0,46.9264705882353,2.5588235294117645,0.20588235294117646,0.014705882352941176,1.088235294117647
Jan Bednarek,0.30612244897959184,0.4557823129251701,Southampton,147,1.3877551020408163,0.02040816326530612,0.06802721088435375,2.3333333333333335,4.836734693877551,5.244897959183674,4.687074829931973,3.1564625850340136,0.047619047619047616,45.69387755102041,2.36734693877551,0.20408163265306123,0.006802721088435374,0.8843537414965986
Armel Bella-Kotchap,0.19047619047619047,0.6190476190476191,Southampton,21,1.5238095238095237,0.0,0.047619047619047616,1.9523809523809523,4.190476190476191,6.095238095238095,4.9523809523809526,2.0952380952380953,0.0,38.95238095238095,2.0,0.19047619047619047,0.0,0.42857142857142855
Duje Caleta-Car,0.18181818181818182,0.6363636363636364,Southampton,11,1.0909090909090908,0.0,0.0,1.2727272727272727,4.818181818181818,4.363636363636363,2.5454545454545454,2.1818181818181817,0.0,43.09090909090909,2.909090909090909,0.18181818181818182,0.0,0.8181818181818182
Juan Larios,0.2,0.8,Southampton,5,1.4,0.0,0.0,0.6,0.6,1.8,2.4,1.8,0.0,11.0,0.2,0.0,0.0,0.2
James Bree,0.0,1.0,Southampton,3,1.0,0.0,0.0,1.3333333333333333,1.3333333333333333,3.6666666666666665,4.333333333333333,2.0,0.0,29.666666666666668,1.3333333333333333,0.0,0.0,0.0
Cristian Romero,0.5227272727272727,0.3409090909090909,Tottenham Hotspur,44,2.659090909090909,0.045454545454545456,0.045454545454545456,1.4545454545454546,3.272727272727273,6.454545454545454,5.704545454545454,3.727272727272727,0.022727272727272728,59.18181818181818,2.9545454545454546,0.3181818181818182,0.022727272727272728,1.4318181818181819
Davinson Sanchez,0.539568345323741,0.2517985611510791,Tottenham Hotspur,139,1.5611510791366907,0.014388489208633094,0.07913669064748201,1.1223021582733812,3.9280575539568345,4.525179856115108,4.359712230215828,3.302158273381295,0.02158273381294964,53.460431654676256,2.3741007194244603,0.1079136690647482,0.007194244604316547,0.8345323741007195
Emerson Royal,0.5471698113207547,0.3018867924528302,Tottenham Hotspur,53,2.150943396226415,0.0,0.1320754716981132,0.6415094339622641,2.4339622641509435,4.433962264150943,5.037735849056604,3.9622641509433962,0.05660377358490566,33.83018867924528,0.8490566037735849,0.1320754716981132,0.018867924528301886,0.8679245283018868
Eric Dier,0.5639097744360902,0.23308270676691728,Tottenham Hotspur,266,1.3120300751879699,0.02631578947368421,0.17669172932330826,1.2669172932330828,3.308270676691729,4.169172932330827,4.30827067669173,3.4661654135338344,0.045112781954887216,58.19172932330827,3.710526315789474,0.15037593984962405,0.0,0.793233082706767
Japhet Tanganga,0.46153846153846156,0.38461538461538464,Tottenham Hotspur,26,1.5,0.038461538461538464,0.15384615384615385,0.9615384615384616,2.9615384615384617,3.3461538461538463,5.115384615384615,4.769230769230769,0.0,32.11538461538461,0.8076923076923077,0.19230769230769232,0.038461538461538464,1.5769230769230769
Ben Davies,0.4908424908424908,0.29304029304029305,Tottenham Hotspur,273,1.7179487179487178,0.003663003663003663,0.14285714285714285,1.1904761904761905,2.9157509157509156,3.336996336996337,4.516483516483516,4.010989010989011,0.03296703296703297,42.967032967032964,1.586080586080586,0.13186813186813187,0.0,0.8534798534798534
Clement Lenglet,0.47619047619047616,0.38095238095238093,Tottenham Hotspur,21,1.5238095238095237,0.0,0.23809523809523808,0.7142857142857143,1.9047619047619047,4.619047619047619,3.9047619047619047,2.8095238095238093,0.0,53.42857142857143,2.857142857142857,0.14285714285714285,0.0,0.7619047619047619
Pedro Porro,0.375,0.375,Tottenham Hotspur,8,1.375,0.125,0.25,0.875,1.25,5.25,4.25,6.0,0.125,30.0,0.875,0.0,0.0,0.875
Aaron Cresswell,0.36101083032490977,0.37906137184115524,West Ham United,277,1.03971119133574,0.021660649819494584,0.1552346570397112,1.1588447653429603,2.487364620938628,4.67870036101083,3.108303249097473,2.7725631768953067,0.036101083032490974,40.09747292418773,2.740072202166065,0.11552346570397112,0.0036101083032490976,0.44404332129963897
Kurt Zouma,0.4238095238095238,0.3619047619047619,West Ham United,210,0.9333333333333333,0.009523809523809525,0.10952380952380952,1.4333333333333333,4.604761904761904,3.942857142857143,4.376190476190477,2.2095238095238097,0.05714285714285714,43.785714285714285,2.6857142857142855,0.06666666666666667,0.004761904761904762,0.5952380952380952
Vladimir Coufal,0.40963855421686746,0.3614457831325301,West Ham United,83,1.9518072289156627,0.0,0.0963855421686747,1.1204819277108433,2.3373493975903616,4.867469879518072,4.433734939759036,3.710843373493976,0.0,35.44578313253012,1.2048192771084338,0.12048192771084337,0.012048192771084338,0.963855421686747
Angelo Ogbonna,0.3783783783783784,0.3567567567567568,West Ham United,185,1.1513513513513514,0.016216216216216217,0.07567567567567568,1.4054054054054055,4.675675675675675,4.254054054054054,4.254054054054054,2.6972972972972973,0.043243243243243246,33.86486486486486,2.264864864864865,0.11891891891891893,0.0,0.6486486486486487
Ben Johnson,0.45098039215686275,0.35294117647058826,West Ham United,51,1.4313725490196079,0.0,0.0196078431372549,0.8823529411764706,1.7450980392156863,3.4705882352941178,2.784313725490196,2.2549019607843137,0.0392156862745098,25.0,1.3333333333333333,0.0392156862745098,0.0,0.5098039215686274
Nayef Aguerd,0.25,0.4166666666666667,West Ham United,12,1.3333333333333333,0.08333333333333333,0.0,1.0833333333333333,3.8333333333333335,5.583333333333333,3.9166666666666665,2.8333333333333335,0.08333333333333333,42.416666666666664,3.4166666666666665,0.25,0.0,0.4166666666666667
Thilo Kehrer,0.22727272727272727,0.45454545454545453,West Ham United,22,1.6363636363636365,0.045454545454545456,0.09090909090909091,1.3181818181818181,2.727272727272727,4.5,3.772727272727273,4.090909090909091,0.0,39.04545454545455,1.6363636363636365,0.18181818181818182,0.0,1.3181818181818181
Emerson,0.3877551020408163,0.40816326530612246,West Ham United,49,1.3061224489795917,0.0,0.1836734693877551,0.7959183673469388,1.183673469387755,3.2653061224489797,3.5510204081632653,2.489795918367347,0.02040816326530612,36.06122448979592,0.9387755102040817,0.10204081632653061,0.0,0.5918367346938775
Rayan Ait-Nouri,0.28125,0.5,Wolverhampton Wanderers,64,1.96875,0.0,0.140625,0.71875,1.125,4.28125,4.71875,4.296875,0.046875,28.625,0.796875,0.140625,0.0,0.671875
Jonny,0.3490566037735849,0.36792452830188677,Wolverhampton Wanderers,106,2.2641509433962264,0.02830188679245283,0.2169811320754717,1.4056603773584906,1.150943396226415,4.660377358490566,5.1415094339622645,5.122641509433962,0.05660377358490566,33.424528301886795,0.9528301886792453,0.1320754716981132,0.009433962264150943,0.8207547169811321
Nelson Semedo,0.3409090909090909,0.4431818181818182,Wolverhampton Wanderers,88,2.340909090909091,0.011363636363636364,0.17045454545454544,0.9545454545454546,2.022727272727273,5.340909090909091,5.5227272727272725,4.8522727272727275,0.011363636363636364,39.11363636363637,1.1704545454545454,0.17045454545454544,0.011363636363636364,1.1136363636363635
Maximilian Kilman,0.3855421686746988,0.39759036144578314,Wolverhampton Wanderers,83,1.2771084337349397,0.012048192771084338,0.07228915662650602,1.0240963855421688,3.566265060240964,5.048192771084337,4.0602409638554215,2.5903614457831323,0.012048192771084338,50.33734939759036,2.433734939759036,0.12048192771084337,0.0,0.6265060240963856
Toti,0.5,0.2857142857142857,Wolverhampton Wanderers,14,1.4285714285714286,0.0,0.07142857142857142,1.1428571428571428,3.357142857142857,3.5714285714285716,4.357142857142857,2.642857142857143,0.0,37.0,1.2857142857142858,0.2857142857142857,0.0,0.5714285714285714
Nathan Collins,0.25,0.5,Wolverhampton Wanderers,40,1.55,0.0,0.1,1.125,3.8,5.375,4.475,2.975,0.05,40.775,2.675,0.1,0.05,0.85
Hugo Bueno,0.29411764705882354,0.47058823529411764,Wolverhampton Wanderers,17,1.6470588235294117,0.0,0.11764705882352941,0.5294117647058824,1.4705882352941178,4.470588235294118,3.1176470588235294,2.9411764705882355,0.0,24.352941176470587,0.17647058823529413,0.058823529411764705,0.0,0.29411764705882354
Dexter Lembikisa,0.0,1.0,Wolverhampton Wanderers,1,0.0,0.0,0.0,0.0,0.0,2.0,0.0,1.0,0.0,11.0,0.0,0.0,0.0,0.0
Craig Dawson,0.31906614785992216,0.42412451361867703,Wolverhampton Wanderers,257,1.2529182879377432,0.0038910505836575876,0.16731517509727625,1.5797665369649805,4.447470817120623,4.073929961089494,5.120622568093385,3.6381322957198443,0.07782101167315175,32.75875486381323,2.5058365758754864,0.16731517509727625,0.007782101167315175,0.9727626459143969
