Name,Win rate,Loss rate,Team,Games Played,Average Goals,Average Freekicks scored,Average Assists,Average Shots,Average Shots on target,Average Passes,Average Big chances created,Average Crosses,Average Tackles,Average Interceptions,Average Yellow cards,Average Red cards,Average Fouls
Lewis Cook,0.29591836734693877,0.47959183673469385,Bournemouth,98,0.0,0.0,0.061224489795918366,0.41836734693877553,0.061224489795918366,33.06122448979592,0.030612244897959183,0.8877551020408163,1.5612244897959184,0.8979591836734694,0.16326530612244897,0.0,0.8469387755102041
David Brooks,0.34146341463414637,0.5121951219512195,Bournemouth,41,0.1951219512195122,0.0,0.12195121951219512,1.170731707317073,0.5365853658536586,24.634146341463413,0.21951219512195122,1.3902439024390243,1.0731707317073171,0.6341463414634146,0.0975609756097561,0.0,0.4878048780487805
Jefferson Lerma,0.3010752688172043,0.5161290322580645,Bournemouth,93,0.06451612903225806,0.0,0.021505376344086023,0.956989247311828,0.1935483870967742,44.913978494623656,0.07526881720430108,0.1935483870967742,1.4838709677419355,1.6021505376344085,0.3010752688172043,0.010752688172043012,1.2258064516129032
Ryan Christie,0.32,0.48,Bournemouth,25,0.04,0.0,0.0,0.88,0.32,17.52,0.0,0.6,1.12,0.88,0.08,0.0,1.16
Junior Stanislas,0.2569444444444444,0.5138888888888888,Bournemouth,144,0.18055555555555555,0.006944444444444444,0.09722222222222222,1.7222222222222223,0.6111111111111112,22.90277777777778,0.1388888888888889,2.8958333333333335,0.8541666666666666,0.5,0.05555555555555555,0.0,0.3819444444444444
Philip Billing,0.2336448598130841,0.5794392523364486,Bournemouth,107,0.09345794392523364,0.0,0.018691588785046728,1.0560747663551402,0.3364485981308411,31.69158878504673,0.08411214953271028,1.0373831775700935,2.130841121495327,1.5420560747663552,0.21495327102803738,0.0,1.0841121495327102
Joe Rothwell,0.3333333333333333,0.6,Bournemouth,15,0.0,0.0,0.06666666666666667,0.13333333333333333,0.06666666666666667,16.666666666666668,0.06666666666666667,1.4,0.6666666666666666,0.4666666666666667,0.13333333333333333,0.0,0.9333333333333333
Marcus Tavernier,0.38095238095238093,0.38095238095238093,Bournemouth,21,0.19047619047619047,0.0,0.19047619047619047,1.5714285714285714,0.6666666666666666,24.0,0.14285714285714285,3.9047619047619047,1.4761904761904763,0.42857142857142855,0.047619047619047616,0.0,1.0
Hamed Traore,0.2857142857142857,0.5714285714285714,Bournemouth,7,0.0,0.0,0.0,0.8571428571428571,0.0,19.285714285714285,0.0,5.857142857142857,2.4285714285714284,0.2857142857142857,0.0,0.0,0.5714285714285714
Thomas Partey,0.6351351351351351,0.20270270270270271,Arsenal,74,0.06756756756756757,0.0,0.04054054054054054,1.2837837837837838,0.24324324324324326,53.567567567567565,0.04054054054054054,0.21621621621621623,1.972972972972973,0.9594594594594594,0.17567567567567569,0.0,1.0810810810810811
Bukayo Saka,0.546875,0.265625,Arsenal,128,0.2265625,0.0,0.1953125,1.90625,0.625,29.265625,0.203125,3.625,1.140625,0.5703125,0.1484375,0.0,0.96875
Martin Odegaard,0.6375,0.225,Arsenal,80,0.2375,0.0125,0.1625,1.8375,0.625,42.7875,0.25,2.2125,1.1,0.2125,0.1,0.0,0.6625
Emile Smith Rowe,0.59375,0.28125,Arsenal,64,0.1875,0.0,0.109375,0.890625,0.46875,24.84375,0.140625,1.0625,0.46875,0.40625,0.015625,0.0,0.171875
Mohamed Elneny,0.6363636363636364,0.25,Arsenal,88,0.011363636363636364,0.0,0.056818181818181816,0.6818181818181818,0.11363636363636363,46.63636363636363,0.022727272727272728,0.36363636363636365,1.0,0.8295454545454546,0.125,0.011363636363636364,0.45454545454545453
Granit Xhaka,0.5570776255707762,0.2602739726027397,Arsenal,219,0.0684931506849315,0.0136986301369863,0.1004566210045662,1.0,0.2785388127853881,67.15068493150685,0.0958904109589041,1.5890410958904109,1.6621004566210045,0.867579908675799,0.2602739726027397,0.0182648401826484,1.3059360730593608
Fabio Vieira,0.6842105263157895,0.15789473684210525,Arsenal,19,0.05263157894736842,0.0,0.10526315789473684,0.6842105263157895,0.10526315789473684,11.526315789473685,0.15789473684210525,0.7894736842105263,0.3157894736842105,0.21052631578947367,0.0,0.0,0.15789473684210525
Oleksandr Zinchenko,0.797979797979798,0.1414141414141414,Arsenal,99,0.010101010101010102,0.0,0.09090909090909091,0.8282828282828283,0.21212121212121213,69.5959595959596,0.1111111111111111,2.0606060606060606,1.707070707070707,1.0,0.04040404040404041,0.010101010101010102,0.5858585858585859
Ethan Nwaneri,1.0,0.0,Arsenal,1,0.0,0.0,0.0,0.0,0.0,0.0,0.0,0.0,0.0,0.0,0.0,0.0,0.0
Jorginho,0.543046357615894,0.2119205298013245,Arsenal,151,0.1390728476821192,0.0,0.033112582781456956,0.45695364238410596,0.2119205298013245,68.1523178807947,0.1390728476821192,0.1456953642384106,2.0794701986754967,1.509933774834437,0.19205298013245034,0.0,0.9072847682119205
Douglas Luiz,0.3609022556390977,0.45864661654135336,Aston Villa,133,0.06015037593984962,0.0,0.09022556390977443,0.8421052631578947,0.2781954887218045,41.045112781954884,0.09774436090225563,1.5639097744360901,1.593984962406015,1.1203007518796992,0.20300751879699247,0.015037593984962405,1.3909774436090225
John McGinn,0.3700787401574803,0.4566929133858268,Aston Villa,127,0.07874015748031496,0.0,0.11023622047244094,1.3779527559055118,0.4330708661417323,32.30708661417323,0.1732283464566929,2.0866141732283463,2.1653543307086616,0.9606299212598425,0.2204724409448819,0.0,1.2992125984251968
Emiliano Buendia,0.30392156862745096,0.5294117647058824,Aston Villa,102,0.09803921568627451,0.0,0.13725490196078433,1.1764705882352942,0.3235294117647059,30.34313725490196,0.21568627450980393,2.107843137254902,1.6372549019607843,0.49019607843137253,0.06862745098039216,0.00980392156862745,0.9019607843137255
Jacob Ramsey,0.4166666666666667,0.4166666666666667,Aston Villa,84,0.11904761904761904,0.0,0.07142857142857142,0.7976190476190477,0.25,23.226190476190474,0.08333333333333333,0.5238095238095238,1.630952380952381,0.5833333333333334,0.11904761904761904,0.0,0.8928571428571429
Boubacar Kamara,0.5,0.4,Aston Villa,20,0.0,0.0,0.05,0.2,0.05,43.9,0.05,0.05,2.45,0.85,0.2,0.0,1.25
Philippe Coutinho,0.4869109947643979,0.2513089005235602,Aston Villa,191,0.24607329842931938,0.02617801047120419,0.19895287958115182,2.973821989528796,0.9476439790575916,40.21989528795812,0.29842931937172773,2.492146596858639,1.455497382198953,0.5287958115183246,0.05759162303664921,0.005235602094240838,0.5549738219895288
Leander Dendoncker,0.4142857142857143,0.34285714285714286,Aston Villa,140,0.06428571428571428,0.0,0.014285714285714285,0.6857142857142857,0.25,30.242857142857144,0.02857142857142857,0.22142857142857142,1.7,0.8071428571428572,0.1,0.0,0.6214285714285714
Christian Norgaard,0.375,0.375,Brentford,56,0.07142857142857142,0.0,0.125,0.8214285714285714,0.3392857142857143,43.55357142857143,0.19642857142857142,0.42857142857142855,2.8214285714285716,1.75,0.23214285714285715,0.0,1.6071428571428572
Mathias Jensen,0.3064516129032258,0.41935483870967744,Brentford,62,0.08064516129032258,0.0,0.0967741935483871,0.6129032258064516,0.1774193548387097,27.741935483870968,0.11290322580645161,3.4516129032258065,1.5161290322580645,0.8064516129032258,0.06451612903225806,0.0,0.7580645161290323
Josh Dasilva,0.28205128205128205,0.3333333333333333,Brentford,39,0.07692307692307693,0.0,0.05128205128205128,0.41025641025641024,0.1282051282051282,15.487179487179487,0.07692307692307693,0.8974358974358975,0.5128205128205128,0.1282051282051282,0.02564102564102564,0.02564102564102564,0.46153846153846156
Yoane Wissa,0.3442622950819672,0.3442622950819672,Brentford,61,0.19672131147540983,0.0,0.04918032786885246,0.9344262295081968,0.39344262295081966,8.754098360655737,0.04918032786885246,0.3770491803278688,0.4262295081967213,0.22950819672131148,0.03278688524590164,0.0,0.39344262295081966
Frank Onyeka,0.38235294117647056,0.35294117647058826,Brentford,34,0.0,0.0,0.029411764705882353,0.5588235294117647,0.17647058823529413,13.852941176470589,0.029411764705882353,0.38235294117647056,1.088235294117647,0.5882352941176471,0.11764705882352941,0.0,1.2647058823529411
Bryan Mbeumo,0.3333333333333333,0.36363636363636365,Brentford,66,0.13636363636363635,0.0,0.18181818181818182,1.9242424242424243,0.6666666666666666,20.666666666666668,0.21212121212121213,2.9393939393939394,0.7272727272727273,0.2878787878787879,0.12121212121212122,0.0,0.6060606060606061
Shandon Baptiste,0.23076923076923078,0.46153846153846156,Brentford,39,0.02564102564102564,0.0,0.0,0.38461538461538464,0.1282051282051282,13.58974358974359,0.05128205128205128,0.4358974358974359,0.6153846153846154,0.4358974358974359,0.02564102564102564,0.05128205128205128,0.358974358974359
Vitaly Janelt,0.3559322033898305,0.3389830508474576,Brentford,59,0.11864406779661017,0.0,0.01694915254237288,0.6949152542372882,0.288135593220339,28.23728813559322,0.05084745762711865,0.9661016949152542,1.8135593220338984,0.7966101694915254,0.06779661016949153,0.0,0.6949152542372882
Mikkel Damsgaard,0.2631578947368421,0.3157894736842105,Brentford,19,0.0,0.0,0.0,0.3157894736842105,0.21052631578947367,13.68421052631579,0.15789473684210525,1.0,1.0526315789473684,0.47368421052631576,0.15789473684210525,0.0,0.5789473684210527
Kevin Schade,0.36363636363636365,0.36363636363636365,Brentford,11,0.0,0.0,0.09090909090909091,0.5454545454545454,0.09090909090909091,6.636363636363637,0.18181818181818182,0.5454545454545454,0.7272727272727273,0.2727272727272727,0.09090909090909091,0.0,0.7272727272727273
Alexis Mac Allister,0.34831460674157305,0.33707865168539325,Brighton & Hove Albion,89,0.15730337078651685,0.011235955056179775,0.0449438202247191,1.7865168539325842,0.47191011235955055,31.9438202247191,0.07865168539325842,1.3707865168539326,1.7415730337078652,0.5056179775280899,0.1348314606741573,0.0,0.9213483146067416
Pascal Gross,0.27717391304347827,0.3858695652173913,Brighton & Hove Albion,184,0.125,0.005434782608695652,0.1793478260869565,0.9891304347826086,0.3641304347826087,38.31521739130435,0.32065217391304346,6.059782608695652,1.184782608695652,0.483695652173913,0.08152173913043478,0.0,0.6847826086956522
Adam Lallana,0.45112781954887216,0.2631578947368421,Brighton & Hove Albion,266,0.12406015037593984,0.0,0.11654135338345864,1.2142857142857142,0.41353383458646614,32.203007518796994,0.11278195488721804,1.906015037593985,1.4774436090225564,0.7443609022556391,0.07894736842105263,0.0,0.650375939849624
Jakub Moder,0.275,0.35,Brighton & Hove Albion,40,0.0,0.0,0.075,1.025,0.225,25.575,0.125,1.4,1.425,0.325,0.05,0.0,0.775
Solly March,0.27485380116959063,0.38596491228070173,Brighton & Hove Albion,171,0.06432748538011696,0.0,0.09941520467836257,1.1754385964912282,0.4152046783625731,24.871345029239766,0.19883040935672514,3.9766081871345027,1.5204678362573099,0.7076023391812866,0.05263157894736842,0.0,0.9766081871345029
Moises Caicedo,0.5277777777777778,0.2222222222222222,Brighton & Hove Albion,36,0.05555555555555555,0.0,0.05555555555555555,0.8333333333333334,0.3055555555555556,54.861111111111114,0.08333333333333333,0.2777777777777778,2.9166666666666665,1.4722222222222223,0.2777777777777778,0.0,1.6944444444444444
Julio Enciso,0.6363636363636364,0.2727272727272727,Brighton & Hove Albion,11,0.18181818181818182,0.0,0.0,1.7272727272727273,1.0909090909090908,7.636363636363637,0.09090909090909091,0.09090909090909091,0.2727272727272727,0.09090909090909091,0.09090909090909091,0.0,0.45454545454545453
Kaoru Mitoma,0.5,0.25,Brighton & Hove Albion,24,0.2916666666666667,0.0,0.16666666666666666,1.2916666666666667,0.6666666666666666,28.916666666666668,0.2916666666666667,1.1666666666666667,1.375,0.375,0.0,0.0,0.75
Andrew Moran,1.0,0.0,Brighton & Hove Albion,1,0.0,0.0,0.0,0.0,0.0,2.0,0.0,0.0,0.0,0.0,0.0,0.0,0.0
Billy Gilmour,0.2857142857142857,0.5714285714285714,Brighton & Hove Albion,42,0.0,0.0,0.023809523809523808,0.5238095238095238,0.07142857142857142,40.142857142857146,0.023809523809523808,2.4047619047619047,1.2142857142857142,0.5714285714285714,0.07142857142857142,0.0,0.8095238095238095
Facundo Buonanotte,0.5,0.25,Brighton & Hove Albion,4,0.0,0.0,0.25,0.5,0.0,5.75,0.0,0.25,0.0,0.0,0.0,0.0,0.5
Yasin Ayari,1.0,0.0,Brighton & Hove Albion,1,0.0,0.0,0.0,1.0,0.0,10.0,0.0,0.0,1.0,0.0,0.0,0.0,0.0
N'Golo Kante,0.5758928571428571,0.19642857142857142,Chelsea,224,0.05357142857142857,0.0,0.07142857142857142,0.6741071428571429,0.1875,52.986607142857146,0.09821428571428571,0.4955357142857143,3.044642857142857,2.2544642857142856,0.13839285714285715,0.0,1.2366071428571428
Mateo Kovacic,0.5144927536231884,0.26811594202898553,Chelsea,138,0.028985507246376812,0.0,0.08695652173913043,0.8478260869565217,0.15217391304347827,53.77536231884058,0.13043478260869565,0.2318840579710145,1.7173913043478262,0.5,0.18840579710144928,0.0,0.6739130434782609
Christian Pulisic,0.4421052631578947,0.29473684210526313,Chelsea,95,0.21052631578947367,0.0,0.09473684210526316,1.5894736842105264,0.6105263157894737,21.4,0.12631578947368421,1.0526315789473684,0.6631578947368421,0.28421052631578947,0.05263157894736842,0.0,0.5368421052631579
Ruben Loftus-Cheek,0.39473684210526316,0.3092105263157895,Chelsea,152,0.06578947368421052,0.0,0.05263157894736842,0.9276315789473685,0.24342105263157895,27.94736842105263,0.09868421052631579,0.3355263157894737,0.8618421052631579,0.48026315789473684,0.039473684210526314,0.0,0.618421052631579
Mason Mount,0.4806201550387597,0.2713178294573643,Chelsea,129,0.20930232558139536,0.015503875968992248,0.17054263565891473,2.0852713178294575,0.7286821705426356,36.92248062015504,0.26356589147286824,4.054263565891473,1.441860465116279,0.5271317829457365,0.10077519379844961,0.0,1.124031007751938
Hakim Ziyech,0.4166666666666667,0.3,Chelsea,60,0.1,0.0,0.11666666666666667,1.6666666666666667,0.5666666666666667,26.233333333333334,0.3333333333333333,3.7,0.85,0.4,0.11666666666666667,0.0,0.9166666666666666
Kai Havertz,0.43529411764705883,0.29411764705882354,Chelsea,85,0.2235294117647059,0.0,0.08235294117647059,1.776470588235294,0.8,25.32941176470588,0.09411764705882353,0.36470588235294116,0.8,0.17647058823529413,0.10588235294117647,0.0,1.423529411764706
Conor Gallagher,0.25,0.391304347826087,Chelsea,92,0.13043478260869565,0.0,0.06521739130434782,1.0869565217391304,0.40217391304347827,27.467391304347824,0.11956521739130435,2.597826086956522,1.9891304347826086,0.8043478260869565,0.30434782608695654,0.010869565217391304,1.434782608695652
Carney Chukwuemeka,0.4,0.24,Chelsea,25,0.0,0.0,0.04,0.36,0.08,9.72,0.04,0.12,0.8,0.24,0.0,0.0,0.24
Denis Zakaria,0.2857142857142857,0.5714285714285714,Chelsea,7,0.0,0.0,0.0,0.2857142857142857,0.0,25.428571428571427,0.0,0.14285714285714285,1.2857142857142858,0.42857142857142855,0.0,0.0,0.7142857142857143
Omari Hutchinson,0.0,1.0,Chelsea,1,0.0,0.0,0.0,0.0,0.0,10.0,0.0,2.0,0.0,1.0,0.0,0.0,0.0
Lewis Hall,0.2,0.6,Chelsea,5,0.0,0.0,0.0,1.0,0.4,34.2,0.0,1.8,2.2,2.0,0.2,0.0,0.4
Mykhailo Mudryk,0.1,0.5,Chelsea,10,0.0,0.0,0.2,0.9,0.3,11.3,0.0,1.1,0.8,0.0,0.0,0.0,0.6
Enzo Fernandez,0.18181818181818182,0.45454545454545453,Chelsea,11,0.0,0.0,0.18181818181818182,1.0909090909090908,0.09090909090909091,78.81818181818181,0.18181818181818182,0.6363636363636364,3.0,1.0909090909090908,0.09090909090909091,0.0,0.6363636363636364
Luka Milivojevic,0.3277777777777778,0.4111111111111111,Crystal Palace,180,0.15555555555555556,0.016666666666666666,0.027777777777777776,0.9777777777777777,0.34444444444444444,41.74444444444445,0.06111111111111111,2.5555555555555554,2.0,1.5666666666666667,0.24444444444444444,0.005555555555555556,1.5166666666666666
Michael Olise,0.2857142857142857,0.35714285714285715,Crystal Palace,56,0.07142857142857142,0.03571428571428571,0.23214285714285715,1.0,0.32142857142857145,25.625,0.30357142857142855,4.732142857142857,1.25,0.4642857142857143,0.10714285714285714,0.0,0.6785714285714286
Will Hughes,0.3157894736842105,0.4824561403508772,Crystal Palace,114,0.043859649122807015,0.0,0.08771929824561403,0.6929824561403509,0.14035087719298245,25.50877192982456,0.08771929824561403,1.2894736842105263,2.026315789473684,0.8245614035087719,0.21052631578947367,0.0,1.3859649122807018
Jeffrey Schlupp,0.3446808510638298,0.40425531914893614,Crystal Palace,235,0.08085106382978724,0.0,0.05106382978723404,0.8680851063829788,0.2553191489361702,21.03404255319149,0.08085106382978724,1.097872340425532,1.7404255319148936,1.0,0.09787234042553192,0.0,0.8638297872340426
James McArthur,0.32398753894080995,0.43613707165109034,Crystal Palace,321,0.07165109034267912,0.0,0.07165109034267912,0.7102803738317757,0.2087227414330218,36.517133956386296,0.0778816199376947,0.514018691588785,2.1682242990654204,1.3862928348909658,0.16199376947040497,0.0,1.320872274143302
Cheick Doucoure,0.2857142857142857,0.39285714285714285,Crystal Palace,28,0.0,0.0,0.10714285714285714,1.0357142857142858,0.21428571428571427,35.785714285714285,0.10714285714285714,0.17857142857142858,2.4642857142857144,1.8214285714285714,0.32142857142857145,0.03571428571428571,1.2142857142857142
Eberechi Eze,0.3076923076923077,0.44871794871794873,Crystal Palace,78,0.15384615384615385,0.01282051282051282,0.1282051282051282,1.2564102564102564,0.41025641025641024,27.974358974358974,0.14102564102564102,2.1794871794871793,0.9230769230769231,0.48717948717948717,0.08974358974358974,0.0,0.5641025641025641
David Ozoh,0.0,0.0,Crystal Palace,1,0.0,0.0,0.0,0.0,0.0,3.0,0.0,0.0,0.0,0.0,0.0,0.0,0.0
Naouirou Ahamada,0.0,0.7142857142857143,Crystal Palace,7,0.0,0.0,0.0,0.42857142857142855,0.0,6.285714285714286,0.0,0.2857142857142857,0.42857142857142855,0.0,0.14285714285714285,0.0,0.2857142857142857
Albert Sambi Lokonga,0.48484848484848486,0.3333333333333333,Crystal Palace,33,0.0,0.0,0.0,0.6060606060606061,0.24242424242424243,36.27272727272727,0.030303030303030304,0.06060606060606061,1.0909090909090908,0.7575757575757576,0.18181818181818182,0.0,0.5757575757575758
Andros Townsend,0.3522727272727273,0.45075757575757575,Everton,264,0.0946969696969697,0.003787878787878788,0.10606060606060606,1.4696969696969697,0.4659090909090909,21.825757575757574,0.17803030303030304,4.416666666666667,1.7348484848484849,0.8712121212121212,0.06439393939393939,0.0,0.42803030303030304
Abdoulaye Doucoure,0.3333333333333333,0.4830917874396135,Everton,207,0.1111111111111111,0.0,0.0966183574879227,1.1884057971014492,0.3526570048309179,45.93719806763285,0.10628019323671498,0.463768115942029,1.821256038647343,1.0434782608695652,0.22705314009661837,0.004830917874396135,1.0579710144927537
Tom Davies,0.4064516129032258,0.33548387096774196,Everton,155,0.03870967741935484,0.0,0.03225806451612903,0.5290322580645161,0.12258064516129032,25.26451612903226,0.04516129032258064,0.3225806451612903,1.167741935483871,0.8903225806451613,0.1870967741935484,0.0,1.0064516129032257
Amadou Onana,0.21428571428571427,0.4642857142857143,Everton,28,0.03571428571428571,0.0,0.03571428571428571,1.1071428571428572,0.21428571428571427,30.678571428571427,0.07142857142857142,0.14285714285714285,2.25,1.0,0.25,0.0,1.5
Isaac Price,0.0,1.0,Everton,2,0.0,0.0,0.0,0.5,0.0,7.5,0.0,0.5,0.0,0.0,0.5,0.0,0.0
Idrissa Gueye,0.30625,0.45,Everton,160,0.01875,0.0,0.0375,0.65,0.15,50.275,0.025,0.36875,3.85,2.54375,0.2375,0.00625,1.5875
James Garner,0.2727272727272727,0.5454545454545454,Everton,11,0.0,0.0,0.09090909090909091,0.5454545454545454,0.18181818181818182,13.0,0.0,1.4545454545454546,0.7272727272727273,0.45454545454545453,0.09090909090909091,0.0,0.5454545454545454
Harrison Reed,0.33766233766233766,0.37662337662337664,Fulham,77,0.03896103896103896,0.0,0.05194805194805195,0.45454545454545453,0.16883116883116883,35.76623376623377,0.03896103896103896,0.935064935064935,1.7272727272727273,1.12987012987013,0.12987012987012986,0.0,1.0129870129870129
Neeskens Kebano,0.16666666666666666,0.625,Fulham,24,0.0,0.0,0.125,0.6666666666666666,0.08333333333333333,9.708333333333334,0.08333333333333333,1.2083333333333333,0.625,0.041666666666666664,0.0,0.0,0.4583333333333333
Harry Wilson,0.28846153846153844,0.5384615384615384,Fulham,52,0.15384615384615385,0.038461538461538464,0.0,1.3269230769230769,0.4423076923076923,14.923076923076923,0.07692307692307693,0.9807692307692307,0.7115384615384616,0.2692307692307692,0.057692307692307696,0.0,0.34615384615384615
Tom Cairney,0.23376623376623376,0.5714285714285714,Fulham,77,0.03896103896103896,0.0,0.025974025974025976,0.7402597402597403,0.16883116883116883,37.077922077922075,0.1038961038961039,1.4415584415584415,1.0129870129870129,0.45454545454545453,0.06493506493506493,0.0,0.37662337662337664
Joao Palhinha,0.4444444444444444,0.3333333333333333,Fulham,27,0.1111111111111111,0.0,0.0,1.2592592592592593,0.2962962962962963,35.666666666666664,0.0,0.07407407407407407,4.0,1.2962962962962963,0.37037037037037035,0.0,1.1851851851851851
Andreas Pereira,0.44,0.3333333333333333,Fulham,75,0.06666666666666667,0.0,0.13333333333333333,1.3466666666666667,0.48,25.52,0.2,3.6133333333333333,0.64,0.3333333333333333,0.24,0.0,1.0133333333333334
Luke Harris,0.6666666666666666,0.3333333333333333,Fulham,3,0.0,0.0,0.0,0.0,0.0,4.333333333333333,0.0,0.3333333333333333,0.0,0.0,0.0,0.0,0.3333333333333333
Dan James,0.4019607843137255,0.3431372549019608,Fulham,102,0.11764705882352941,0.0,0.11764705882352941,1.2745098039215685,0.47058823529411764,15.92156862745098,0.1568627450980392,2.019607843137255,0.7450980392156863,0.17647058823529413,0.13725490196078433,0.00980392156862745,0.6078431372549019
Sasa Lukic,0.3333333333333333,0.5,Fulham,6,0.0,0.0,0.0,0.5,0.16666666666666666,23.833333333333332,0.0,0.16666666666666666,0.6666666666666666,0.16666666666666666,0.16666666666666666,0.0,1.3333333333333333
Tyrese Francois,0.0,0.5,Fulham,2,0.0,0.0,0.0,0.0,0.0,7.5,0.0,0.0,0.0,0.0,0.0,0.0,0.0
Adam Forshaw,0.20634920634920634,0.47619047619047616,Leeds United,63,0.0,0.0,0.031746031746031744,0.6666666666666666,0.15873015873015872,35.61904761904762,0.047619047619047616,0.9523809523809523,1.8571428571428572,0.873015873015873,0.14285714285714285,0.0,0.9682539682539683
Jack Harrison,0.31,0.47,Leeds United,100,0.2,0.0,0.15,1.21,0.48,26.32,0.2,4.51,1.57,0.52,0.07,0.0,0.88
Crysencio Summerville,0.2413793103448276,0.5172413793103449,Leeds United,29,0.13793103448275862,0.0,0.06896551724137931,0.896551724137931,0.3103448275862069,13.827586206896552,0.06896551724137931,0.5862068965517241,0.9655172413793104,0.3793103448275862,0.10344827586206896,0.0,0.6551724137931034
Brenden Aaronson,0.23333333333333334,0.5,Leeds United,30,0.03333333333333333,0.0,0.1,1.3,0.26666666666666666,22.5,0.16666666666666666,2.2666666666666666,1.3,0.13333333333333333,0.06666666666666667,0.0,0.43333333333333335
Marc Roca,0.25925925925925924,0.48148148148148145,Leeds United,27,0.037037037037037035,0.0,0.07407407407407407,0.9629629629629629,0.2962962962962963,39.111111111111114,0.1111111111111111,2.259259259259259,2.185185185185185,0.8518518518518519,0.18518518518518517,0.0,1.1481481481481481
Darko Gyabi,0.0,1.0,Leeds United,1,0.0,0.0,0.0,1.0,0.0,4.0,0.0,0.0,2.0,0.0,0.0,0.0,0.0
Tyler Adams,0.20833333333333334,0.4583333333333333,Leeds United,24,0.0,0.0,0.0,0.16666666666666666,0.0,55.291666666666664,0.041666666666666664,0.08333333333333333,3.7083333333333335,1.4583333333333333,0.16666666666666666,0.041666666666666664,1.5416666666666667
Weston McKennie,0.25,0.5833333333333334,Leeds United,12,0.0,0.0,0.0,0.5,0.08333333333333333,35.0,0.0,0.4166666666666667,1.4166666666666667,1.3333333333333333,0.4166666666666667,0.0,1.0833333333333333
Harvey Barnes,0.4,0.40714285714285714,Leicester City,140,0.22857142857142856,0.0,0.17857142857142858,2.0142857142857142,0.8285714285714286,21.042857142857144,0.15,1.2357142857142858,0.6928571428571428,0.22142857142857142,0.02857142857142857,0.0,0.6714285714285714
Youri Tielemans,0.4305555555555556,0.3819444444444444,Leicester City,144,0.14583333333333334,0.0,0.13194444444444445,1.5208333333333333,0.4930555555555556,54.34722222222222,0.2152777777777778,2.25,1.9305555555555556,0.7847222222222222,0.1111111111111111,0.0,0.9513888888888888
James Maddison,0.42038216560509556,0.3821656050955414,Leicester City,157,0.267515923566879,0.050955414012738856,0.18471337579617833,2.356687898089172,0.7961783439490446,36.140127388535035,0.2929936305732484,4.7834394904458595,1.375796178343949,0.3375796178343949,0.14012738853503184,0.006369426751592357,0.8089171974522293
Kiernan Dewsbury-Hall,0.32142857142857145,0.4642857142857143,Leicester City,56,0.05357142857142857,0.0,0.07142857142857142,0.7857142857142857,0.16071428571428573,38.857142857142854,0.10714285714285714,2.3392857142857144,1.5892857142857142,0.8392857142857143,0.125,0.017857142857142856,0.9821428571428571
Wilfred Ndidi,0.40641711229946526,0.40106951871657753,Leicester City,187,0.0374331550802139,0.0,0.0481283422459893,1.0106951871657754,0.1657754010695187,49.13368983957219,0.03208556149732621,0.18716577540106952,3.620320855614973,2.053475935828877,0.18181818181818182,0.0106951871657754,1.6149732620320856
Boubakary Soumare,0.3157894736842105,0.5,Leicester City,38,0.0,0.0,0.02631578947368421,0.18421052631578946,0.05263157894736842,29.81578947368421,0.0,0.15789473684210525,1.5789473684210527,0.8947368421052632,0.13157894736842105,0.0,0.9210526315789473
Dennis Praet,0.45,0.4,Leicester City,60,0.05,0.0,0.05,0.4666666666666667,0.11666666666666667,17.2,0.1,0.9,0.9666666666666667,0.48333333333333334,0.05,0.0,0.6
Nampalys Mendy,0.43157894736842106,0.3894736842105263,Leicester City,95,0.010526315789473684,0.0,0.010526315789473684,0.10526315789473684,0.05263157894736842,35.97894736842105,0.0,0.08421052631578947,0.9789473684210527,0.7684210526315789,0.15789473684210525,0.0,0.8
Lewis Brunt,0.0,1.0,Leicester City,2,0.0,0.0,0.0,0.0,0.0,18.5,0.0,0.0,0.0,0.0,0.0,0.0,0.0
Fabinho,0.6503496503496503,0.13986013986013987,Liverpool,143,0.055944055944055944,0.0,0.04195804195804196,0.5104895104895105,0.15384615384615385,57.13286713286713,0.055944055944055944,0.21678321678321677,1.902097902097902,1.2237762237762237,0.23776223776223776,0.0,1.1608391608391608
Thiago,0.6153846153846154,0.2,Liverpool,65,0.03076923076923077,0.0,0.06153846153846154,0.8615384615384616,0.18461538461538463,65.23076923076923,0.1076923076923077,0.2153846153846154,2.3384615384615386,1.1538461538461537,0.12307692307692308,0.0,1.3076923076923077
James Milner,0.513911620294599,0.24058919803600654,Liverpool,611,0.09001636661211129,0.006546644844517185,0.14238952536824878,0.8576104746317512,0.2569558101472995,29.729950900163665,0.08183306055646482,3.8821603927986907,1.4369885433715222,0.7855973813420621,0.11620294599018004,0.004909983633387889,0.7937806873977087
Naby Keita,0.7380952380952381,0.09523809523809523,Liverpool,84,0.08333333333333333,0.0,0.05952380952380952,1.0,0.30952380952380953,35.07142857142857,0.10714285714285714,0.2976190476190476,1.5357142857142858,0.5595238095238095,0.07142857142857142,0.0,0.9523809523809523
Jordan Henderson,0.5437352245862884,0.2222222222222222,Liverpool,423,0.07801418439716312,0.004728132387706856,0.1276595744680851,0.9574468085106383,0.26713947990543735,54.47517730496454,0.14657210401891252,2.127659574468085,1.7777777777777777,1.2127659574468086,0.09219858156028368,0.004728132387706856,0.8108747044917257
Alex Oxlade-Chamberlain,0.5829787234042553,0.225531914893617,Liverpool,235,0.0851063829787234,0.0,0.10212765957446808,1.1617021276595745,0.3191489361702128,22.04255319148936,0.13617021276595745,1.9446808510638298,0.902127659574468,0.6085106382978723,0.0425531914893617,0.0,0.5106382978723404
Curtis Jones,0.5818181818181818,0.16363636363636364,Liverpool,55,0.05454545454545454,0.0,0.07272727272727272,0.9090909090909091,0.34545454545454546,35.50909090909091,0.09090909090909091,0.36363636363636365,0.7818181818181819,0.509090909090909,0.07272727272727272,0.0,0.6727272727272727
Harvey Elliott,0.5135135135135135,0.2972972972972973,Liverpool U19,37,0.02702702702702703,0.0,0.05405405405405406,1.0810810810810811,0.32432432432432434,30.675675675675677,0.1891891891891892,1.1891891891891893,0.6756756756756757,0.4864864864864865,0.02702702702702703,0.0,0.3783783783783784
Fabio Carvalho,0.3125,0.375,Liverpool,16,0.1875,0.0,0.0,1.25,0.5625,13.75,0.0625,0.375,1.0625,0.375,0.0,0.0,0.5625
Bobby Clark,1.0,0.0,Liverpool,1,0.0,0.0,0.0,0.0,0.0,1.0,0.0,0.0,0.0,0.0,0.0,0.0,1.0
Ilkay Gundogan,0.7595628415300546,0.14207650273224043,Manchester City,183,0.2185792349726776,0.00546448087431694,0.08196721311475409,1.540983606557377,0.4918032786885246,54.48087431693989,0.14207650273224043,1.459016393442623,0.8579234972677595,0.7431693989071039,0.08196721311475409,0.0,0.4644808743169399
Jack Grealish,0.4589041095890411,0.3767123287671233,Manchester City,146,0.15753424657534246,0.0,0.17123287671232876,1.5890410958904109,0.547945205479452,33.11643835616438,0.2808219178082192,2.410958904109589,0.8013698630136986,0.4794520547945205,0.136986301369863,0.0,0.8698630136986302
Rodri,0.7251908396946565,0.1450381679389313,Manchester City,131,0.10687022900763359,0.0,0.0916030534351145,1.1221374045801527,0.3282442748091603,82.3587786259542,0.0916030534351145,0.2824427480916031,1.9236641221374047,0.9083969465648855,0.17557251908396945,0.0,1.2900763358778626
Kevin De Bruyne,0.6974789915966386,0.13445378151260504,Manchester City,238,0.2605042016806723,0.01680672268907563,0.42436974789915966,2.4411764705882355,0.8613445378151261,51.05042016806723,0.6722689075630253,6.894957983193278,1.2605042016806722,0.46218487394957986,0.07563025210084033,0.0,0.7857142857142857
Bernardo Silva,0.7628865979381443,0.12371134020618557,Manchester City,194,0.17010309278350516,0.0,0.17010309278350516,1.2216494845360826,0.4793814432989691,43.86082474226804,0.21649484536082475,1.768041237113402,1.231958762886598,0.5670103092783505,0.11855670103092783,0.0,0.6958762886597938
Phil Foden,0.7768595041322314,0.11570247933884298,Manchester City,121,0.2727272727272727,0.0,0.14049586776859505,1.5289256198347108,0.6776859504132231,26.818181818181817,0.19008264462809918,2.6611570247933884,0.6115702479338843,0.30578512396694213,0.01652892561983471,0.0,0.4214876033057851
Cole Palmer,1.0,0.0,Manchester City,15,0.0,0.0,0.0,0.4,0.06666666666666667,8.933333333333334,0.06666666666666667,0.4666666666666667,0.4,0.13333333333333333,0.06666666666666667,0.0,0.13333333333333333
Kalvin Phillips,0.5,0.25,Manchester City,56,0.017857142857142856,0.017857142857142856,0.05357142857142857,0.5714285714285714,0.14285714285714285,44.392857142857146,0.10714285714285714,1.6607142857142858,2.375,1.2678571428571428,0.26785714285714285,0.0,1.5
Sergio Gomez,1.0,0.0,Manchester City,8,0.0,0.0,0.125,0.5,0.0,17.625,0.0,0.625,0.625,0.25,0.0,0.0,0.0
Maximo Perrone,1.0,0.0,Manchester City,1,0.0,0.0,0.0,0.0,0.0,20.0,0.0,0.0,0.0,0.0,0.0,0.0,0.0
Fred,0.5190839694656488,0.22900763358778625,Manchester United,131,0.061068702290076333,0.0,0.04580152671755725,0.9236641221374046,0.25190839694656486,47.42748091603053,0.11450381679389313,0.7709923664122137,2.0839694656488548,1.1145038167938932,0.19083969465648856,0.0,1.2748091603053435
Bruno Fernandes,0.5258620689655172,0.20689655172413793,Manchester United,116,0.35344827586206895,0.008620689655172414,0.2672413793103448,2.75,1.0603448275862069,54.01724137931034,0.5258620689655172,4.353448275862069,1.646551724137931,0.6293103448275862,0.20689655172413793,0.0,1.0258620689655173
Scott McTominay,0.524822695035461,0.22695035460992907,Manchester United,141,0.0851063829787234,0.0,0.02127659574468085,0.7801418439716312,0.2553191489361702,34.02127659574468,0.05673758865248227,0.3546099290780142,1.50354609929078,0.950354609929078,0.1773049645390071,0.0,1.3120567375886525
Facundo Pellistri,0.0,0.3333333333333333,Manchester United,3,0.0,0.0,0.0,0.0,0.0,4.0,0.0,0.0,0.0,0.0,0.0,0.0,0.3333333333333333
Donny van de Beek,0.4878048780487805,0.3902439024390244,Manchester United,41,0.07317073170731707,0.0,0.024390243902439025,0.2682926829268293,0.07317073170731707,14.804878048780488,0.04878048780487805,0.14634146341463414,0.8780487804878049,0.36585365853658536,0.04878048780487805,0.0,0.43902439024390244
Christian Eriksen,0.5658914728682171,0.24806201550387597,Manchester United,258,0.2054263565891473,0.031007751937984496,0.28294573643410853,2.4573643410852712,0.8992248062015504,51.54651162790697,0.32170542635658916,5.317829457364341,1.178294573643411,0.686046511627907,0.08139534883720931,0.0,0.4418604651162791
Casemiro,0.65,0.15,Manchester United,20,0.1,0.0,0.15,0.85,0.25,47.4,0.3,0.65,3.0,1.3,0.25,0.1,1.8
Kobbie Mainoo,1.0,0.0,Manchester United,1,0.0,0.0,0.0,0.0,0.0,8.0,0.0,0.0,0.0,0.0,0.0,0.0,0.0
Marcel Sabitzer,0.625,0.25,Manchester United,8,0.0,0.0,0.125,1.125,0.375,31.625,0.375,0.5,1.375,0.75,0.125,0.0,0.75
Matt Ritchie,0.3,0.43529411764705883,Newcastle United,170,0.06470588235294118,0.0,0.1411764705882353,1.3352941176470587,0.31176470588235294,29.923529411764704,0.2,5.670588235294118,1.3294117647058823,1.035294117647059,0.18235294117647058,0.0,1.0823529411764705
Ryan Fraser,0.2774566473988439,0.4624277456647399,Newcastle United,173,0.10404624277456648,0.005780346820809248,0.1791907514450867,1.0115606936416186,0.4393063583815029,24.283236994219653,0.2774566473988439,5.2601156069364166,0.42196531791907516,0.4682080924855491,0.06358381502890173,0.005780346820809248,0.3352601156069364
Jacob Murphy,0.3170731707317073,0.42276422764227645,Newcastle United,123,0.04065040650406504,0.008130081300813009,0.07317073170731707,0.8292682926829268,0.23577235772357724,12.520325203252032,0.13008130081300814,1.7235772357723578,0.967479674796748,0.3983739837398374,0.056910569105691054,0.0,0.4796747967479675
Miguel Almiron,0.34558823529411764,0.3602941176470588,Newcastle United,136,0.14705882352941177,0.0,0.029411764705882353,1.411764705882353,0.47794117647058826,23.125,0.07352941176470588,1.0514705882352942,1.5735294117647058,0.6691176470588235,0.08823529411764706,0.0,0.6470588235294118
Joe Willock,0.4017857142857143,0.29464285714285715,Newcastle United,112,0.125,0.0,0.044642857142857144,1.0714285714285714,0.375,17.758928571428573,0.08035714285714286,0.7410714285714286,1.5267857142857142,0.5982142857142857,0.03571428571428571,0.0,0.8035714285714286
Sean Longstaff,0.4074074074074074,0.3333333333333333,Newcastle United,108,0.037037037037037035,0.0,0.05555555555555555,0.8333333333333334,0.2037037037037037,28.51851851851852,0.08333333333333333,0.9351851851851852,1.6203703703703705,0.6759259259259259,0.08333333333333333,0.009259259259259259,0.7777777777777778
Bruno Guimaraes,0.6341463414634146,0.17073170731707318,Newcastle United,41,0.1951219512195122,0.0,0.12195121951219512,1.048780487804878,0.43902439024390244,40.5609756097561,0.12195121951219512,0.6097560975609756,2.4634146341463414,0.8536585365853658,0.1951219512195122,0.0,1.1219512195121952
Elliot Anderson,0.5,0.25,Bristol Rovers,16,0.0,0.0,0.0,0.4375,0.1875,5.875,0.0625,0.25,0.5625,0.25,0.0,0.0,0.25
Matty Longstaff,0.14285714285714285,0.5714285714285714,Mansfield Town,14,0.14285714285714285,0.0,0.0,0.2857142857142857,0.14285714285714285,28.142857142857142,0.07142857142857142,0.42857142857142855,0.42857142857142855,0.8571428571428571,0.07142857142857142,0.0,0.6428571428571429
Jack Colback,0.2789473684210526,0.45789473684210524,Nottingham Forest,190,0.04736842105263158,0.0,0.05263157894736842,0.46842105263157896,0.14210526315789473,31.889473684210525,0.05263157894736842,1.3842105263157896,2.2473684210526317,1.6578947368421053,0.19473684210526315,0.005263157894736842,1.194736842105263
Cafu,1.0,0.0,Nottingham Forest,1,0.0,0.0,0.0,0.0,0.0,2.0,0.0,0.0,0.0,0.0,0.0,0.0,0.0
Ryan Yates,0.19047619047619047,0.47619047619047616,Nottingham Forest,21,0.0,0.0,0.09523809523809523,1.1904761904761905,0.23809523809523808,23.285714285714285,0.09523809523809523,0.2857142857142857,1.3333333333333333,0.38095238095238093,0.19047619047619047,0.0,1.8571428571428572
Harry Arter,0.2978723404255319,0.4787234042553192,Nottingham Forest,94,0.031914893617021274,0.0,0.05319148936170213,1.3191489361702127,0.2553191489361702,45.5531914893617,0.0425531914893617,0.5319148936170213,2.351063829787234,1.0957446808510638,0.3404255319148936,0.010638297872340425,0.9680851063829787
Jesse Lingard,0.4725274725274725,0.2802197802197802,Nottingham Forest,182,0.15934065934065933,0.0,0.07692307692307693,1.3076923076923077,0.5439560439560439,25.252747252747252,0.1043956043956044,0.945054945054945,0.8516483516483516,0.33516483516483514,0.10989010989010989,0.0,0.9560439560439561
Cheikhou Kouyate,0.31135531135531136,0.3992673992673993,Nottingham Forest,273,0.054945054945054944,0.0,0.040293040293040296,0.6813186813186813,0.21978021978021978,29.534798534798536,0.02197802197802198,0.4065934065934066,2.1025641025641026,1.4102564102564104,0.1282051282051282,0.003663003663003663,1.1868131868131868
Remo Freuler,0.18518518518518517,0.5185185185185185,Nottingham Forest,27,0.0,0.0,0.0,0.2962962962962963,0.037037037037037035,30.296296296296298,0.0,0.14814814814814814,1.5925925925925926,1.037037037037037,0.14814814814814814,0.0,0.8888888888888888
Morgan Gibbs-White,0.2631578947368421,0.4868421052631579,Nottingham Forest,76,0.039473684210526314,0.0,0.07894736842105263,0.9473684210526315,0.27631578947368424,19.13157894736842,0.11842105263157894,2.3421052631578947,0.5,0.2236842105263158,0.09210526315789473,0.0,0.6052631578947368
Orel Mangala,0.25,0.45,Midfielder,20,0.05,0.0,0.0,0.35,0.1,18.2,0.0,0.25,0.8,0.65,0.15,0.0,0.65
Gustavo Scarpa,0.3333333333333333,0.5,Nottingham Forest,6,0.0,0.0,0.0,1.0,0.16666666666666666,11.833333333333334,0.0,0.6666666666666666,0.8333333333333334,0.0,0.16666666666666666,0.0,0.6666666666666666
Danilo,0.14285714285714285,0.42857142857142855,Nottingham Forest,7,0.0,0.0,0.14285714285714285,1.0,0.14285714285714285,17.714285714285715,0.0,0.0,1.5714285714285714,0.2857142857142857,0.14285714285714285,0.0,0.2857142857142857
Jonjo Shelvey,0.3597122302158273,0.39928057553956836,Nottingham Forest,278,0.08273381294964029,0.007194244604316547,0.09712230215827339,1.6079136690647482,0.49280575539568344,40.992805755395686,0.12949640287769784,2.683453237410072,1.1870503597122302,0.935251798561151,0.16546762589928057,0.017985611510791366,0.8489208633093526
James Ward-Prowse,0.31547619047619047,0.4226190476190476,Southampton,336,0.13988095238095238,0.050595238095238096,0.10714285714285714,1.1339285714285714,0.4851190476190476,37.875,0.16071428571428573,5.544642857142857,1.2767857142857142,0.9226190476190477,0.12202380952380952,0.005952380952380952,0.8541666666666666
Stuart Armstrong,0.3076923076923077,0.4755244755244755,Southampton,143,0.1048951048951049,0.0,0.06993006993006994,1.3356643356643356,0.3986013986013986,25.384615384615383,0.06293706293706294,1.0,1.1888111888111887,0.43356643356643354,0.1048951048951049,0.0,0.7342657342657343
Moussa Djenepo,0.28169014084507044,0.5492957746478874,Southampton,71,0.04225352112676056,0.0,0.056338028169014086,0.676056338028169,0.18309859154929578,13.380281690140846,0.056338028169014086,0.676056338028169,1.4788732394366197,0.4507042253521127,0.16901408450704225,0.014084507042253521,0.9436619718309859
Mohamed Elyounoussi,0.2054794520547945,0.547945205479452,Southampton,73,0.0547945205479452,0.0,0.0410958904109589,1.2876712328767124,0.4520547945205479,18.273972602739725,0.0821917808219178,1.4657534246575343,1.2191780821917808,0.5342465753424658,0.0958904109589041,0.0,0.9315068493150684
Ibrahima Diallo,0.27419354838709675,0.5,Southampton,62,0.0,0.0,0.03225806451612903,0.3387096774193548,0.08064516129032258,23.048387096774192,0.03225806451612903,0.2903225806451613,1.2096774193548387,0.4032258064516129,0.11290322580645161,0.0,0.7580645161290323
Romeo Lavia,0.22727272727272727,0.6363636363636364,Southampton,22,0.045454545454545456,0.0,0.0,0.4090909090909091,0.13636363636363635,33.72727272727273,0.0,0.09090909090909091,1.9090909090909092,1.1363636363636365,0.3181818181818182,0.0,0.8636363636363636
Joe Aribo,0.15,0.7,Southampton,20,0.1,0.0,0.0,0.7,0.4,17.95,0.1,0.4,1.5,0.4,0.1,0.0,0.45
Ainsley Maitland-Niles,0.4,0.38095238095238093,Southampton,105,0.009523809523809525,0.0,0.02857142857142857,0.2761904761904762,0.08571428571428572,29.63809523809524,0.047619047619047616,0.8666666666666667,1.7523809523809524,1.0857142857142856,0.10476190476190476,0.01904761904761905,0.5904761904761905
Carlos Alcaraz,0.2727272727272727,0.5454545454545454,Southampton,11,0.18181818181818182,0.0,0.0,1.4545454545454546,0.5454545454545454,14.090909090909092,0.0,0.18181818181818182,0.45454545454545453,0.09090909090909091,0.09090909090909091,0.0,0.7272727272727273
Kamaldeen Sulemana,0.18181818181818182,0.6363636363636364,Southampton,11,0.0,0.0,0.0,1.5454545454545454,0.2727272727272727,16.90909090909091,0.09090909090909091,1.3636363636363635,0.9090909090909091,0.18181818181818182,0.09090909090909091,0.0,0.8181818181818182
Pierre-Emile Hojbjerg,0.41784037558685444,0.37089201877934275,Tottenham Hotspur,213,0.056338028169014086,0.0,0.06572769953051644,1.0140845070422535,0.30985915492957744,61.140845070422536,0.07042253521126761,0.5915492957746479,2.1784037558685445,1.4788732394366197,0.16901408450704225,0.009389671361502348,1.2769953051643192
Ryan Sessegnon,0.3835616438356164,0.4794520547945205,Tottenham Hotspur,73,0.0547945205479452,0.0,0.1095890410958904,0.726027397260274,0.2465753424657534,19.986301369863014,0.1917808219178082,2.0136986301369864,0.958904109589041,0.4794520547945205,0.0821917808219178,0.0,0.7945205479452054
Dejan Kulusevski,0.5609756097560976,0.2682926829268293,Tottenham Hotspur,41,0.17073170731707318,0.0,0.34146341463414637,1.5121951219512195,0.43902439024390244,25.21951219512195,0.2926829268292683,1.8048780487804879,1.2439024390243902,0.5609756097560976,0.0975609756097561,0.0,1.146341463414634
Oliver Skipp,0.5918367346938775,0.24489795918367346,Tottenham Hotspur,49,0.02040816326530612,0.0,0.0,0.2653061224489796,0.08163265306122448,30.571428571428573,0.02040816326530612,0.30612244897959184,1.2040816326530612,0.40816326530612246,0.22448979591836735,0.0,0.7142857142857143
Rodrigo Bentancur,0.6,0.3142857142857143,Tottenham Hotspur,35,0.14285714285714285,0.0,0.17142857142857143,0.8285714285714286,0.3142857142857143,53.25714285714286,0.17142857142857143,0.7142857142857143,2.3142857142857145,1.1428571428571428,0.37142857142857144,0.0,1.3142857142857143
Ivan Perisic,0.4827586206896552,0.3448275862068966,Tottenham Hotspur,29,0.034482758620689655,0.0,0.2413793103448276,0.896551724137931,0.20689655172413793,23.79310344827586,0.3103448275862069,6.137931034482759,1.206896551724138,0.6206896551724138,0.20689655172413793,0.0,0.9310344827586207
Yves Bissouma,0.3181818181818182,0.4015151515151515,Tottenham Hotspur,132,0.022727272727272728,0.0,0.015151515151515152,0.8712121212121212,0.13636363636363635,36.15909090909091,0.03787878787878788,0.1893939393939394,2.2954545454545454,1.3409090909090908,0.24242424242424243,0.007575757575757576,1.2878787878787878
Pape Sarr,0.5,0.375,Tottenham Hotspur,8,0.0,0.0,0.0,0.25,0.0,14.25,0.0,0.0,0.75,0.625,0.125,0.0,0.5
Arnaut Danjuma,0.11764705882352941,0.7058823529411765,Tottenham Hotspur,17,0.058823529411764705,0.0,0.0,0.9411764705882353,0.35294117647058826,14.235294117647058,0.0,0.6470588235294118,0.35294117647058826,0.47058823529411764,0.0,0.0,0.0
Pablo Fornals,0.3769230769230769,0.4153846153846154,West Ham United,130,0.1076923076923077,0.0,0.1,1.1307692307692307,0.3384615384615385,28.692307692307693,0.14615384615384616,1.823076923076923,1.2769230769230768,0.7615384615384615,0.07692307692307693,0.0,0.6076923076923076
Manuel Lanzini,0.32954545454545453,0.4147727272727273,West Ham United,176,0.14772727272727273,0.005681818181818182,0.09659090909090909,1.2784090909090908,0.4034090909090909,38.44886363636363,0.125,1.6420454545454546,0.9034090909090909,0.8238636363636364,0.125,0.0,0.39204545454545453
Tomas Soucek,0.3793103448275862,0.3879310344827586,West Ham United,116,0.16379310344827586,0.0,0.02586206896551724,1.3189655172413792,0.43103448275862066,35.62931034482759,0.05172413793103448,0.31896551724137934,2.060344827586207,1.5344827586206897,0.10344827586206896,0.008620689655172414,1.3879310344827587
Declan Rice,0.36548223350253806,0.39593908629441626,West Ham United,197,0.04060913705583756,0.0,0.050761421319796954,0.7157360406091371,0.18781725888324874,46.807106598984774,0.04568527918781726,0.6903553299492385,2.3197969543147208,1.6700507614213198,0.1319796954314721,0.0,0.6751269035532995
Flynn Downes,0.3125,0.4375,West Ham United,16,0.0,0.0,0.0,0.1875,0.0,11.25,0.0,0.1875,0.6875,0.25,0.0625,0.0,0.375
Lucas Paqueta,0.23809523809523808,0.42857142857142855,West Ham United,21,0.09523809523809523,0.0,0.09523809523809523,1.9047619047619047,0.5238095238095238,38.285714285714285,0.047619047619047616,0.8095238095238095,2.2857142857142856,0.5714285714285714,0.19047619047619047,0.0,1.7142857142857142
Ruben Neves,0.35294117647058826,0.3941176470588235,Wolverhampton Wanderers,170,0.11764705882352941,0.01764705882352941,0.047058823529411764,1.7647058823529411,0.4176470588235294,56.50588235294118,0.08235294117647059,0.9235294117647059,2.1,1.6235294117647059,0.25882352941176473,0.0,0.9705882352941176
Daniel Podence,0.39080459770114945,0.39080459770114945,Wolverhampton Wanderers,87,0.13793103448275862,0.0,0.05747126436781609,1.3333333333333333,0.5632183908045977,20.977011494252874,0.16091954022988506,1.5977011494252873,0.6896551724137931,0.3563218390804598,0.11494252873563218,0.0,0.5977011494252874
Joao Moutinho,0.37572254335260113,0.37572254335260113,Wolverhampton Wanderers,173,0.028901734104046242,0.005780346820809248,0.10404624277456648,0.5202312138728323,0.1329479768786127,48.01156069364162,0.12716763005780346,4.023121387283237,2.346820809248555,1.092485549132948,0.12138728323699421,0.005780346820809248,1.1734104046242775
Joseph Hodge,0.4,0.4,Wolverhampton Wanderers,5,0.0,0.0,0.0,0.2,0.0,16.4,0.0,0.2,1.0,0.0,0.2,0.0,0.4
Matheus Nunes,0.3333333333333333,0.4444444444444444,Wolverhampton Wanderers,27,0.037037037037037035,0.0,0.037037037037037035,0.8888888888888888,0.25925925925925924,29.333333333333332,0.07407407407407407,1.2962962962962963,2.111111111111111,0.4074074074074074,0.037037037037037035,0.037037037037037035,1.2222222222222223
Boubacar Traore,0.125,0.75,Wolverhampton Wanderers,8,0.0,0.0,0.125,0.375,0.0,15.125,0.125,0.125,1.25,0.875,0.25,0.0,1.25
Mario Lemina,0.22093023255813954,0.4418604651162791,Wolverhampton Wanderers,86,0.03488372093023256,0.0,0.023255813953488372,0.8604651162790697,0.1744186046511628,35.872093023255815,0.046511627906976744,0.27906976744186046,2.2325581395348837,1.3953488372093024,0.16279069767441862,0.011627906976744186,1.2209302325581395
Pablo Sarabia,0.45454545454545453,0.36363636363636365,Wolverhampton Wanderers,11,0.09090909090909091,0.0,0.0,1.3636363636363635,0.45454545454545453,24.272727272727273,0.09090909090909091,3.6363636363636362,1.0,0.09090909090909091,0.2727272727272727,0.0,1.0909090909090908
Joao Gomes,0.5,0.5,Wolverhampton Wanderers,6,0.16666666666666666,0.0,0.0,0.5,0.16666666666666666,26.5,0.0,1.0,3.1666666666666665,0.3333333333333333,0.6666666666666666,0.0,2.0
