full_name,position,shot_conversion_rate_overall,shots_on_target_total_overall,passes_completed_total_overall,shots_total_overall,duels_total_overall,min_per_card_overall,assists_away,cluster,performance,rankings,salary,saves_per_game_overall,save_percentage_overall
Aaron Anthony Connolly,Forward,0.0,0.0,14.0,1.0,18.0,0.0,0.0,2,-1.1158523258597468,17,1196000,,
Adam Armstrong,Forward,6.45,14.0,227.0,31.0,126.0,1414.0,2.0,0,-0.18371456397188085,35,2490000,,
Adam Uche Idah,Forward,10.0,4.0,89.0,10.0,103.0,0.0,0.0,3,-0.5215796668479644,23,260000,,
Adama Traore Diarra,Forward,8.33,5.0,232.0,12.0,210.0,0.0,0.0,3,-0.40958526452372845,16,2236000,,
Ademola Lookman,Forward,37.5,12.0,397.0,16.0,232.0,728.0,0.0,0,1.0616018335965591,1,1076400,,
Alejandro Garnacho Ferreyra,Forward,0.0,0.0,3.0,0.0,2.0,0.0,0.0,2,-1.1347706139655485,21,364000,,
Alex Iwobi,Forward,13.33,6.0,555.0,15.0,207.0,2037.0,1.0,4,0.19723824381653352,2,2600000,,
Alexandre Lacazette,Forward,14.29,15.0,339.0,35.0,232.0,0.0,5.0,0,0.2625985372859642,23,9466673,,
Allan Saint-Maximin,Forward,10.87,26.0,514.0,46.0,464.0,469.0,4.0,1,0.5870988210564576,15,2000000,,
Andriy Yarmolenko,Forward,10.0,5.0,78.0,10.0,37.0,299.0,0.0,3,-0.5213344806107446,22,5980000,,
Anthony Elanga,Forward,0.0,0.0,0.0,0.0,0.0,0.0,0.0,2,-1.1378941866748746,32,470000,,
Anthony Gordon,Forward,14.29,18.0,455.0,28.0,353.0,571.0,1.0,0,0.3867096241963452,18,520000,,
Anthony Martial,Forward,20.0,3.0,67.0,5.0,24.0,0.0,0.0,3,-0.2076650099038334,9,13000000,,
Anwar El Ghazi,Forward,14.29,3.0,86.0,7.0,65.0,197.0,1.0,3,-0.37270045547695146,14,1610000,,
Armando Broja,Forward,16.67,21.0,243.0,36.0,444.0,990.0,0.0,0,0.42970600602272735,12,2080000,,
Ashley Barnes,Forward,7.14,6.0,121.0,14.0,195.0,200.0,0.0,3,-0.5176256339065032,21,2080000,,
Ashley Fletcher,Forward,0.0,1.0,3.0,2.0,11.0,0.0,0.0,2,-1.1061653749645406,14,620000,,
Ayoze Perez,Forward,25.0,6.0,120.0,8.0,75.0,222.0,1.0,3,0.13931872455902536,5,2340000,,
Bertrand Traore,Forward,0.0,1.0,60.0,4.0,38.0,0.0,0.0,2,-1.0412162802940386,8,4056000,,
Bryan Gil Salvatierra,Forward,0.0,1.0,47.0,1.0,18.0,0.0,0.0,2,-1.0723181126834334,11,2500000,,
Bryan Mbeumo,Forward,0.0,0.0,0.0,0.0,0.0,729.0,5.0,2,-1.0324375912004036,7,4160000,,
Callum Wilson,Forward,25.81,15.0,103.0,31.0,186.0,347.0,0.0,0,0.44005736627141145,11,2400000,,
Cameron Archer,Forward,0.0,0.0,0.0,0.0,0.0,0.0,0.0,2,-1.1378941866748746,31,104000,,
Cenk Tosun,Forward,0.0,0.0,1.0,0.0,1.0,0.0,0.0,2,-1.1367432409111788,24,3120000,,
Che Adams,Forward,17.95,24.0,303.0,39.0,313.0,0.0,1.0,0,0.5154860536109149,9,1560000,,
Chris Wood,Forward,12.5,19.0,346.0,40.0,492.0,2706.0,0.0,4,0.43377413611115445,1,3466667,,
Christian Benteke,Forward,12.5,13.0,192.0,32.0,206.0,379.0,1.0,0,-0.021963723533385604,33,6240000,,
Christos Tzolis,Forward,0.0,2.0,72.0,3.0,38.0,0.0,0.0,2,-1.019548933734688,6,1496040,,
Cristiano Ronaldo,Forward,22.5,43.0,721.0,80.0,217.0,307.0,2.0,1,1.5381834974009836,2,26800000,,
Crysencio Summerville,Forward,0.0,0.0,50.0,1.0,23.0,0.0,0.0,2,-1.0846254804012987,12,300000,,
Daniel James,Forward,10.26,18.0,336.0,39.0,253.0,278.0,2.0,0,0.14621604648075973,29,2600000,,
Daniel William John Ings,Forward,19.44,18.0,251.0,36.0,194.0,476.0,1.0,0,0.4036906797583945,14,6240000,,
Danny Welbeck,Forward,15.38,22.0,211.0,39.0,186.0,0.0,1.0,0,0.26308493201286315,22,2860000,,
Demarai Gray,Forward,13.16,17.0,514.0,38.0,261.0,784.0,0.0,0,0.38610247610839943,19,1300000,,
Diogo Jota,Forward,21.13,33.0,556.0,71.0,382.0,791.0,3.0,1,1.2343899576910335,4,4700000,,
Divock Origi,Forward,37.5,5.0,29.0,8.0,15.0,0.0,0.0,3,0.5004100317858023,1,3120000,,
Dominic Calvert-Lewin,Forward,18.52,13.0,163.0,27.0,259.0,643.0,1.0,0,0.2007715469474207,27,1248000,,
Dwight Gayle,Forward,0.0,0.0,13.0,2.0,8.0,30.0,0.0,2,-1.1138905685751026,16,2080000,,
Dwight McNeil,Forward,0.0,15.0,729.0,32.0,400.0,3114.0,0.0,4,0.13868565196917734,4,260000,,
Edinson Cavani,Forward,14.29,8.0,172.0,14.0,54.0,0.0,0.0,3,-0.214873951600706,10,13000000,,
Edward Nketiah,Forward,20.83,12.0,174.0,24.0,124.0,275.0,0.0,3,0.19498525320300747,4,2340000,,
Emmanuel Bonaventure Dennis,Forward,22.73,26.0,393.0,44.0,529.0,288.0,3.0,1,0.9484561645560727,10,300000,,
Evan Ferguson,Forward,0.0,0.0,0.0,0.0,0.0,0.0,0.0,2,-1.1378941866748746,28,156000,,
Fabio Daniel Soares Silva,Forward,0.0,5.0,92.0,13.0,99.0,0.0,0.0,2,-0.8876583501277292,2,4160000,,
Ferran Torres Garcia,Forward,25.0,4.0,54.0,8.0,20.0,0.0,0.0,3,0.009329539995474877,8,2400000,,
Francisco Antonio Machado Mota de Castro Trincao,Forward,8.0,14.0,342.0,25.0,202.0,0.0,0.0,0,-0.12723238316631322,34,1070832,,
Francisco Jorge Tavares Oliveira,Forward,0.0,2.0,55.0,4.0,59.0,0.0,2.0,2,-0.9940439162063968,5,950000,,
Francisco Sierralta Carvallo,Forward,0.0,1.0,142.0,1.0,35.0,0.0,0.0,2,-0.9886609025097144,4,494000,,
Gabriel Jesus,Forward,18.18,25.0,625.0,44.0,242.0,1878.0,4.0,5,0.9389085212197356,6,4680000,,
Gabriel Teodoro Martinelli Silva,Forward,15.0,16.0,419.0,40.0,261.0,621.0,2.0,0,0.3939737302050443,17,4680000,,
Gnaly Maxwell Cornet,Forward,23.68,22.0,266.0,38.0,203.0,887.0,0.0,0,0.6684991146229711,5,3380000,,
Harry Kane,Forward,17.53,55.0,615.0,97.0,436.0,646.0,6.0,5,1.6735120556917864,3,10400000,,
Hee-Chan Hwang,Forward,27.78,12.0,506.0,18.0,246.0,911.0,0.0,0,0.7875808517463285,3,3989440,,
Heung-Min Son,Forward,33.33,49.0,878.0,69.0,266.0,1511.0,3.0,5,2.2343274770982613,2,9984000,,
Ivan Toney,Forward,18.75,30.0,432.0,64.0,539.0,364.0,2.0,1,0.9732398578699075,9,1092000,,
Jadon Sancho,Forward,17.65,9.0,780.0,17.0,163.0,0.0,2.0,0,0.5123522551849549,10,18200000,,
Jamie Vardy,Forward,31.91,26.0,182.0,47.0,141.0,903.0,2.0,0,1.0420971548696538,2,7280000,,
Jarrod Bowen,Forward,21.05,35.0,545.0,57.0,370.0,499.0,6.0,5,1.2141625860636653,5,5000000,,
Jay Rodriguez,Forward,6.45,11.0,181.0,31.0,226.0,458.0,2.0,0,-0.2845110926284313,37,1820000,,
Jean-Philippe Mateta,Forward,15.62,18.0,156.0,32.0,167.0,574.0,0.0,0,0.13726754993251053,30,2775000,,
Jeremy Leonel Sarmiento Morante,Forward,0.0,0.0,0.0,0.0,0.0,0.0,0.0,2,-1.1378941866748746,33,213200,,
Jeremy Ngakia,Forward,0.0,0.0,248.0,4.0,118.0,0.0,0.0,2,-0.8768177857219189,1,130000,,
Joao Pedro Junqueira de Jesus,Forward,8.82,16.0,383.0,34.0,389.0,1636.0,1.0,4,0.16880294662354742,3,650000,,
Joe Gelhardt,Forward,13.33,10.0,104.0,15.0,133.0,184.0,0.0,3,-0.23646302373339373,11,858000,,
Joelinton Cassio Apolinario de Lira,Forward,12.9,14.0,707.0,31.0,529.0,320.0,0.0,1,0.5184069536069812,16,4500000,,
Jordan Ayew,Forward,15.0,8.0,559.0,20.0,401.0,1012.0,2.0,0,0.35061263757424227,20,1690000,,
Joshua King,Forward,12.82,17.0,364.0,39.0,420.0,450.0,1.0,0,0.303969328893081,21,2340000,,
Joshua Sargent,Forward,18.18,3.0,286.0,11.0,228.0,1578.0,1.0,0,0.08578876103530823,31,1352000,,
Juan Camilo Hernandez Suarez,Forward,20.83,11.0,221.0,24.0,194.0,380.0,1.0,0,0.25933362381616554,24,2600000,,
Jurgen Locadia,Forward,0.0,0.0,1.0,1.0,3.0,0.0,0.0,2,-1.1314731499513169,20,2106000,,
Kayky da Silva Chagas,Forward,0.0,0.0,0.0,0.0,0.0,0.0,0.0,2,-1.1378941866748746,27,1300000,,
Kelechi Iheanacho,Forward,17.39,12.0,270.0,23.0,156.0,1260.0,2.0,0,0.21909103582181896,26,3120000,,
Leandro Trossard,Forward,16.0,27.0,876.0,50.0,292.0,1406.0,0.0,1,1.056533127207999,6,1820000,,
Leon Bailey Butler,Forward,7.14,8.0,143.0,14.0,124.0,252.0,2.0,3,-0.45960297961059443,19,5200000,,
Liam Delap,Forward,0.0,0.0,0.0,0.0,0.0,0.0,0.0,2,-1.1378941866748746,26,260000,,
Lucas Rodrigues Moura da Silva,Forward,7.14,12.0,556.0,28.0,311.0,443.0,1.0,0,0.06691101385846604,32,4160000,,
Luis Diaz,Forward,17.39,13.0,385.0,23.0,146.0,0.0,1.0,0,0.2512267758053519,25,2669333,,
Marcus Forss,Forward,0.0,0.0,22.0,2.0,23.0,0.0,0.0,2,-1.1030209916991245,13,260000,,
Marcus Rashford,Forward,23.53,12.0,298.0,17.0,163.0,617.0,0.0,0,0.4014492860149437,15,10400000,,
Matej Vydra,Forward,13.33,7.0,76.0,15.0,120.0,666.0,2.0,3,-0.26152926466185095,12,1820000,,
Michail Antonio,Forward,16.95,29.0,415.0,59.0,489.0,373.0,2.0,1,0.83222444643033,12,3640000,,
Mohamed Said Benrahma,Forward,19.05,22.0,618.0,42.0,213.0,0.0,3.0,1,0.7940566740826415,13,1200000,,
Mohamed Salah,Forward,22.77,60.0,861.0,101.0,309.0,2762.0,7.0,5,2.2599199013690416,1,10400000,,
Moise Kean,Forward,0.0,0.0,1.0,0.0,1.0,0.0,0.0,2,-1.1367432409111788,23,2765000,,
Nathan Young-Coombes,Forward,0.0,0.0,0.0,0.0,1.0,0.0,0.0,2,-1.1375649220931132,25,230646,,
Neal Maupay,Forward,18.18,15.0,470.0,44.0,261.0,325.0,2.0,0,0.549855696286175,7,2600000,,
Nicolas Pepe,Forward,5.56,9.0,267.0,18.0,135.0,0.0,0.0,3,-0.42227894371281516,18,7280000,,
Odsonne Edouard,Forward,18.75,18.0,306.0,32.0,237.0,392.0,0.0,0,0.3990947457491196,16,4930000,,
Oghenekaro Etebo,Forward,0.0,0.0,150.0,2.0,43.0,132.0,0.0,2,-0.9848166098297262,3,1508000,,
Ollie Watkins,Forward,21.15,32.0,477.0,52.0,380.0,422.0,2.0,1,1.0335878006233579,8,3900000,,
Patrick Bamford,Forward,12.5,5.0,85.0,16.0,43.0,280.0,1.0,3,-0.37352152315864573,15,1820000,,
Patson Daka,Forward,23.81,16.0,164.0,21.0,157.0,580.0,2.0,0,0.4107602816922593,13,3230000,,
Pedro Lomba Neto,Forward,10.0,4.0,168.0,10.0,65.0,155.0,0.0,3,-0.4616122080614975,20,2600000,,
Pierre-Emerick Aubameyang,Forward,16.0,18.0,135.0,25.0,104.0,347.0,0.0,3,0.0710103337413926,6,13000000,,
Raheem Sterling,Forward,28.26,28.0,700.0,46.0,276.0,2127.0,4.0,5,1.4830243971685018,4,15600000,,
Raphael Dias Belloli,Forward,17.74,25.0,743.0,62.0,419.0,417.0,1.0,1,1.0464222555489833,7,3302000,,
Raul Alonso Jimenez Rodriguez,Forward,13.95,16.0,537.0,43.0,434.0,293.0,1.0,1,0.4900083061229639,17,2144000,,
Reiss Nelson,Forward,0.0,0.0,8.0,0.0,2.0,0.0,0.0,2,-1.1306622080558761,19,780000,,
Richarlison de Andrade,Forward,21.28,24.0,327.0,47.0,512.0,281.0,1.0,1,0.7837011114121362,14,4680000,,
Riyad Mahrez,Forward,25.0,23.0,742.0,44.0,142.0,0.0,1.0,1,1.1067623858904694,5,6240000,,
Roberto Firmino,Forward,25.0,11.0,383.0,20.0,147.0,329.0,1.0,0,0.5217838012530793,8,9360000,,
Rodrigo,Forward,17.65,18.0,656.0,34.0,232.0,252.0,1.0,0,0.6576764519507242,6,3900000,,
Romelu Lukaku,Forward,28.57,15.0,231.0,28.0,175.0,1584.0,0.0,0,0.6978676099910412,4,16900000,,
Rondon,Forward,6.67,6.0,115.0,15.0,146.0,157.0,0.0,3,-0.5548588367461601,24,3120000,,
Sadio Mane,Forward,24.24,39.0,801.0,66.0,363.0,565.0,0.0,1,1.5755627681643984,1,5200000,,
Sam Greenwood,Forward,0.0,0.0,0.0,0.0,0.0,0.0,2.0,2,-1.1099467070670272,15,70000,,
Saman Ghoddos,Forward,33.33,3.0,137.0,3.0,82.0,264.0,0.0,3,0.4024556502581819,3,780000,,
Samuel Kalu Ojim,Forward,0.0,1.0,54.0,4.0,24.0,0.0,0.0,2,-1.0507560715303057,9,556832,,
Shane Long,Forward,16.67,5.0,43.0,6.0,84.0,301.0,0.0,3,-0.2878472802524652,13,3120000,,
Shola Shoretire,Forward,0.0,0.0,0.0,0.0,0.0,0.0,0.0,2,-1.1378941866748746,29,416000,,
Sonny Perkins,Forward,0.0,0.0,0.0,0.0,0.0,0.0,0.0,2,-1.1378941866748746,30,1000000,,
Steven Bergwijn,Forward,20.0,10.0,139.0,15.0,74.0,547.0,0.0,3,0.0557091481494515,7,3800000,,
Teemu Pukki,Forward,21.57,27.0,392.0,51.0,290.0,815.0,3.0,1,0.8972590032350093,11,1300000,,
Theo Walcott,Forward,0.0,0.0,58.0,4.0,27.0,0.0,0.0,2,-1.0629002872297595,10,3900000,,
Timo Werner,Forward,14.29,16.0,291.0,28.0,121.0,1285.0,1.0,0,0.1775826942564092,28,14144000,,
Troy Deeney,Forward,0.0,0.0,3.0,2.0,10.0,0.0,0.0,2,-1.1229133737187784,18,3380000,,
Tyler Roberts,Forward,4.0,13.0,207.0,25.0,124.0,195.0,1.0,3,-0.41575961352636737,17,182000,,
Wesley Moraes Ferreira da Silva,Forward,0.0,0.0,2.0,0.0,4.0,0.0,0.0,2,-1.1349337659839602,22,1820000,,
Wilfried Zaha,Forward,27.45,32.0,725.0,51.0,506.0,460.0,0.0,1,1.4985605469366203,3,6760000,,
Wout Weghorst,Forward,8.33,8.0,274.0,24.0,259.0,486.0,1.0,0,-0.21664674219551153,36,1820000,,
Yoane Wissa,Forward,26.92,13.0,186.0,26.0,144.0,0.0,0.0,3,0.4657131609431598,2,620000,,
Aaron Lennon,Midfielder,25.0,4.0,245.0,8.0,166.0,774.0,0.0,3,-0.02290322498831189,5,1820000,,
Abdoulaye Doucoure,Midfielder,9.52,11.0,860.0,21.0,301.0,423.0,2.0,5,0.6363995760730503,18,3900000,,
Adam David Lallana,Midfielder,0.0,4.0,834.0,14.0,152.0,391.0,1.0,0,-0.06267258828659238,23,4700000,,
Adam Forshaw,Midfielder,0.0,4.0,691.0,10.0,179.0,306.0,1.0,0,-0.1224255863611299,27,1040000,,
Ainsley Maitland-Niles,Midfielder,0.0,0.0,104.0,1.0,36.0,0.0,0.0,1,-0.9031004586268024,23,2704000,,
Albert-Mboyo Sambi Lokonga,Midfielder,0.0,8.0,723.0,16.0,98.0,226.0,0.0,0,-0.21604080395348,29,2700000,,
Alex Kral,Midfielder,0.0,0.0,0.0,0.0,2.0,0.0,0.0,1,-1.0076920751692506,46,1248000,,
Alex Oxlade-Chamberlain,Midfielder,14.29,3.0,311.0,14.0,83.0,0.0,0.0,1,-0.3915063448132624,1,6240000,,
Alexis Mac Allister,Midfielder,15.62,11.0,840.0,32.0,284.0,529.0,1.0,5,0.7226458210255627,14,1600000,,
Allan,Midfielder,0.0,3.0,767.0,4.0,276.0,243.0,1.0,0,-0.026750206128796573,18,3640000,,
Andre Filipe Tavares Gomes,Midfielder,0.0,4.0,213.0,7.0,122.0,206.0,0.0,1,-0.5194363394414943,2,5835000,,
Andros Townsend,Midfielder,18.75,10.0,307.0,16.0,194.0,486.0,0.0,0,0.12887118396371863,6,2080000,,
Ashley Westwood,Midfielder,0.0,2.0,835.0,6.0,147.0,327.0,1.0,0,-0.21672523241873254,30,1612000,,
Bernardo Silva,Midfielder,23.53,20.0,1688.0,34.0,290.0,477.0,2.0,2,1.3691579875888522,11,1300000,,
Billy Gilmour,Midfielder,0.0,3.0,946.0,9.0,193.0,929.0,0.0,0,-0.0026598787500610455,14,2250000,,
Boubakary Soumare,Midfielder,0.0,2.0,442.0,6.0,136.0,0.0,1.0,0,-0.43077376600437745,45,5150000,,
Bruno Guimaraes Rodriguez Moura,Midfielder,29.41,12.0,435.0,17.0,191.0,258.0,0.0,3,0.28077726564985483,2,5616000,,
Bruno Miguel Borges Fernandes,Midfielder,18.18,29.0,1488.0,55.0,340.0,312.0,5.0,2,1.9952359845713643,1,8022857,,
Bukayo Saka,Midfielder,18.97,31.0,844.0,58.0,371.0,499.0,3.0,2,1.7949851876950835,3,1560000,,
Callum Hudson-Odoi,Midfielder,8.33,7.0,302.0,12.0,113.0,966.0,1.0,0,-0.04134203085404298,20,6240000,,
Carney Chukwuemeka,Midfielder,0.0,0.0,0.0,0.0,0.0,0.0,1.0,1,-0.9209102140235885,25,5200000,,
Cheikhou Kouyate,Midfielder,0.0,0.0,655.0,6.0,228.0,659.0,0.0,0,-0.1854021935766194,28,3380000,,
Chem Campbell,Midfielder,0.0,0.0,0.0,0.0,0.0,0.0,0.0,1,-1.011282467864855,53,280800,,
Christian Eriksen,Midfielder,6.67,9.0,437.0,15.0,65.0,938.0,2.0,0,0.055567651032671736,10,3900000,,
Christian Norgaard,Midfielder,15.0,9.0,1329.0,20.0,414.0,382.0,2.0,5,0.9827729035819791,7,1040000,,
Christian Pulisic,Midfielder,27.27,11.0,350.0,22.0,190.0,643.0,1.0,5,0.4405489703163443,30,7150000,,
Cole Palmer,Midfielder,0.0,1.0,46.0,2.0,13.0,0.0,0.0,1,-0.9305537029414894,27,700000,,
Connor Roberts,Midfielder,16.67,4.0,468.0,6.0,109.0,846.0,1.0,0,-0.06245543840782064,22,728000,,
Conor Gallagher,Midfielder,19.51,22.0,852.0,41.0,427.0,285.0,2.0,2,1.3894939880206059,10,500000,,
Curtis Jones,Midfielder,7.14,7.0,531.0,14.0,115.0,0.0,0.0,0,-0.2608410707004454,32,390000,,
Dale Stephens,Midfielder,0.0,0.0,46.0,1.0,16.0,122.0,0.0,1,-0.9300577259057,26,1820000,,
Dan Gosling,Midfielder,50.0,1.0,54.0,2.0,25.0,0.0,0.0,3,-0.3648508355814841,15,1820000,,
Daniel Castelo Podence,Midfielder,9.52,15.0,427.0,21.0,182.0,742.0,1.0,0,0.35078082701579716,1,3120000,,
Daniel Chesters,Midfielder,0.0,0.0,0.0,0.0,0.0,0.0,0.0,1,-1.011282467864855,51,21840,,
Declan Rice,Midfielder,5.26,8.0,1970.0,19.0,312.0,397.0,3.0,5,0.9550428223726646,8,3120000,,
Dejan Kulusevski,Midfielder,33.33,10.0,393.0,15.0,143.0,422.0,3.0,3,0.4676923172923356,1,5720000,,
Dele Alli,Midfielder,20.0,3.0,279.0,5.0,176.0,247.0,0.0,3,-0.21937565842084464,11,5200000,,
Dimitris Giannoulis,Midfielder,0.0,1.0,422.0,1.0,157.0,585.0,1.0,0,-0.34689914411152645,41,390000,,
Donny van de Beek,Midfielder,50.0,2.0,231.0,4.0,79.0,550.0,0.0,3,-0.04830430843336603,6,6240000,,
Douglas Luiz,Midfielder,13.33,8.0,1246.0,15.0,304.0,389.0,1.0,5,0.5757277895589692,25,1709396,,
Eberechi Eze,Midfielder,33.33,1.0,224.0,3.0,85.0,602.0,1.0,3,-0.15028700481011512,9,1560000,,
Edo Kayembe,Midfielder,0.0,0.0,371.0,3.0,97.0,0.0,0.0,1,-0.6881614248334673,12,770000,,
Ellis Simms,Midfielder,0.0,0.0,7.0,0.0,7.0,0.0,0.0,1,-0.9965422760403861,40,364000,,
Emile Smith Rowe,Midfielder,32.26,23.0,669.0,31.0,159.0,1921.0,0.0,4,1.0784481461923097,2,1040000,,
Emiliano Buendia,Midfielder,12.9,13.0,693.0,31.0,287.0,1902.0,3.0,4,1.1669709388584637,1,3900000,,
Enock Mwepu,Midfielder,12.5,8.0,287.0,16.0,146.0,499.0,3.0,0,0.2015913474732945,4,1600000,,
Fabian Delph,Midfielder,0.0,0.0,258.0,0.0,61.0,333.0,0.0,1,-0.7480719204637898,13,4160000,,
Fabinho,Midfielder,31.25,10.0,1342.0,16.0,255.0,331.0,1.0,5,0.751333594678438,13,9360000,,
Fernando Luiz Rosa,Midfielder,13.33,4.0,737.0,15.0,116.0,958.0,0.0,0,0.033164032824241366,12,7800000,,
Folarin Balogun,Midfielder,0.0,0.0,4.0,3.0,8.0,0.0,0.0,1,-0.9619040400844832,29,1664000,,
Frederico Rodrigues Santos,Midfielder,36.36,9.0,1125.0,11.0,270.0,407.0,2.0,5,0.7965176432216456,11,6240000,,
Giovani Lo Celso,Midfielder,0.0,1.0,125.0,8.0,43.0,0.0,0.0,1,-0.784615379271569,16,3640000,,
Granit Xhaka,Midfielder,6.25,5.0,1339.0,16.0,207.0,194.0,1.0,5,0.26017324508681194,41,5200000,,
Hakim Ziyech,Midfielder,11.11,19.0,513.0,36.0,213.0,439.0,3.0,2,0.8153869211010921,14,5200000,,
Hamza Choudhury,Midfielder,0.0,0.0,123.0,1.0,37.0,286.0,0.0,1,-0.8322075992272172,18,390000,,
Hannibal Mejbri,Midfielder,0.0,1.0,17.0,1.0,9.0,34.0,0.0,1,-0.9504855625239768,28,676000,,
Harry Winks,Midfielder,0.0,1.0,576.0,2.0,78.0,453.0,1.0,0,-0.4588054331380482,48,2600000,,
Harvey Elliott,Midfielder,0.0,1.0,203.0,7.0,29.0,0.0,0.0,1,-0.7967838167217741,17,780000,,
Harvey Lewis Barnes,Midfielder,13.33,24.0,538.0,45.0,267.0,1052.0,3.0,2,1.2838683428357878,12,520000,,
Hassane Kamara,Midfielder,25.0,1.0,498.0,4.0,188.0,325.0,0.0,3,-0.11085820769591022,8,1380000,,
Helder Wander Sousa Azevedo Costa,Midfielder,0.0,0.0,5.0,1.0,4.0,0.0,0.0,1,-0.9912907305558334,38,1690000,,
Ibrahima Diallo,Midfielder,0.0,4.0,357.0,7.0,116.0,1014.0,0.0,0,-0.3069455629650754,36,2860000,,
Ilkay Gundogan,Midfielder,20.51,19.0,1154.0,39.0,142.0,1855.0,0.0,4,1.0643735078902554,3,7280000,,
Imran Louza,Midfielder,0.0,4.0,502.0,11.0,163.0,237.0,0.0,0,-0.3042027275090401,35,1690000,,
Isaac Hayden,Midfielder,33.33,1.0,260.0,3.0,123.0,201.0,0.0,3,-0.2498709690868093,12,1144000,,
Isaac Price,Midfielder,0.0,0.0,0.0,0.0,0.0,0.0,0.0,1,-1.011282467864855,54,57200,,
Ismaila Sarr,Midfielder,14.71,17.0,321.0,34.0,226.0,932.0,1.0,4,0.6825981459502878,5,3276000,,
Jack Cork,Midfielder,25.0,2.0,421.0,4.0,155.0,419.0,0.0,3,-0.15265086111231635,10,1976000,,
Jack Grealish,Midfielder,12.5,16.0,819.0,24.0,236.0,639.0,1.0,5,0.6333435866379635,19,15600000,,
Jack Harrison,Midfielder,29.63,17.0,615.0,27.0,405.0,883.0,1.0,5,1.167239699095627,3,780000,,
Jacob Murphy,Midfielder,4.55,5.0,290.0,22.0,191.0,364.0,1.0,0,-0.007614767795921525,15,1300000,,
Jacob Ramsey,Midfielder,26.09,11.0,881.0,23.0,312.0,413.0,0.0,5,0.6817419105465606,17,390000,,
Jakob Sorensen,Midfielder,0.0,1.0,241.0,2.0,65.0,0.0,0.0,1,-0.7766471512812769,15,520000,,
Jakub Moder,Midfielder,0.0,6.0,568.0,18.0,200.0,1702.0,2.0,4,0.40716740993316825,8,520000,,
James Maddison,Midfielder,22.22,34.0,771.0,54.0,254.0,822.0,3.0,2,1.685595658955887,5,5720000,,
James McArthur,Midfielder,0.0,3.0,755.0,5.0,202.0,359.0,2.0,0,-0.03605832894756658,19,2860000,,
James Milner,Midfielder,0.0,2.0,603.0,7.0,108.0,422.0,1.0,0,-0.3265340733191118,38,7280000,,
James Ward-Prowse,Midfielder,25.64,24.0,1578.0,39.0,235.0,643.0,3.0,2,1.5248239706253983,7,2340000,,
Jamie Shackelton,Midfielder,0.0,1.0,299.0,3.0,97.0,177.0,0.0,1,-0.6508193964363491,10,78000,,
Jean-Philippe Gbamin,Midfielder,0.0,0.0,16.0,0.0,10.0,0.0,0.0,1,-0.9883617789243103,35,3900000,,
Jeff Hendrick,Midfielder,100.0,1.0,27.0,1.0,6.0,0.0,0.0,3,0.12307363283661032,3,2100000,,
Jeffrey Schlupp,Midfielder,17.39,9.0,487.0,23.0,281.0,1846.0,1.0,4,0.775326627291731,4,2912000,,
Jesse Lingard,Midfielder,28.57,6.0,128.0,7.0,34.0,355.0,0.0,3,-0.32019239999134697,14,3900000,,
Joao Moutinho,Midfielder,13.33,7.0,1658.0,15.0,278.0,744.0,1.0,5,0.7148518918920141,15,5200000,,
Johann Berg Gudmundsson,Midfielder,0.0,5.0,198.0,12.0,136.0,553.0,1.0,0,-0.2550322682181721,31,1560000,,
John McGinn,Midfielder,9.09,16.0,981.0,33.0,426.0,387.0,1.0,5,1.0334366159560366,5,1300000,,
Jonjo Shelvey,Midfielder,8.0,14.0,731.0,25.0,112.0,285.0,1.0,0,0.2265160353594877,3,3640000,,
Jordan Henderson,Midfielder,9.52,6.0,1841.0,21.0,159.0,867.0,3.0,5,0.7716610432051138,12,7280000,,
Jorginho,Midfielder,50.0,9.0,1679.0,12.0,263.0,456.0,0.0,5,0.9451038684623841,9,5720000,,
Joseph Willock,Midfielder,8.0,11.0,444.0,25.0,293.0,0.0,0.0,5,0.2472024466803582,42,1040000,,
Josh Brownhill,Midfielder,10.53,9.0,867.0,19.0,287.0,295.0,0.0,5,0.3516580851429737,36,2080000,,
Juan Mata,Midfielder,0.0,1.0,182.0,3.0,22.0,0.0,0.0,1,-0.8609045441690493,21,8320000,,
Juraj Kucka,Midfielder,2.86,11.0,467.0,35.0,353.0,385.0,1.0,5,0.5944002588570112,22,1150000,,
Kai Havertz,Midfielder,19.51,23.0,531.0,41.0,250.0,604.0,3.0,2,1.153510407884118,13,7800000,,
Kalvin Phillips,Midfielder,0.0,3.0,774.0,12.0,213.0,399.0,1.0,0,-0.013136701565171199,16,234000,,
Kasey McAteer,Midfielder,0.0,0.0,1.0,0.0,0.0,0.0,0.0,1,-1.0109719225234475,49,260000,,
Keinan Davis,Midfielder,0.0,0.0,3.0,0.0,3.0,0.0,0.0,1,-1.0049652427972255,44,2340000,,
Ken Sema,Midfielder,0.0,1.0,120.0,1.0,134.0,844.0,0.0,0,-0.5151144843114055,49,780000,,
Kenny Mclean,Midfielder,5.26,6.0,771.0,19.0,322.0,902.0,0.0,5,0.3999444483031238,35,1300000,,
Kevin De Bruyne,Midfielder,26.79,31.0,1118.0,56.0,210.0,1103.0,2.0,2,1.6963430744788162,4,20800000,,
Kieran Dowell,Midfielder,14.29,2.0,214.0,7.0,129.0,0.0,1.0,0,-0.34807520984069884,42,390000,,
Kiernan Dewsbury-Hall,Midfielder,8.33,3.0,930.0,12.0,242.0,526.0,0.0,0,0.11530319568029831,7,104000,,
Lewis Brunt,Midfielder,0.0,0.0,21.0,0.0,4.0,0.0,0.0,1,-0.997580230304085,42,520000,,
Lewis Norman Dobbin,Midfielder,0.0,0.0,5.0,0.0,12.0,29.0,0.0,1,-0.9817792669933303,34,364000,,
Liam McCarron,Midfielder,0.0,0.0,2.0,0.0,0.0,0.0,0.0,1,-1.0106613771820399,47,260000,,
Luka Milivojevic,Midfielder,0.0,0.0,385.0,4.0,72.0,776.0,0.0,0,-0.5459630748860506,50,2860000,,
Lukas Rupp,Midfielder,0.0,2.0,319.0,8.0,96.0,0.0,0.0,1,-0.6086345003293275,6,1170000,,
Luke Cundle,Midfielder,0.0,0.0,0.0,0.0,0.0,0.0,0.0,1,-1.011282467864855,52,520000,,
Mads Bidstrup,Midfielder,0.0,0.0,10.0,0.0,6.0,0.0,0.0,1,-0.9974058363639652,41,160000,,
Mahmoud Ibrahim Hassan,Midfielder,0.0,0.0,6.0,0.0,1.0,0.0,0.0,1,-1.0076239994686067,45,1690000,,
Manuel Lanzini,Midfielder,38.46,7.0,1101.0,13.0,154.0,894.0,1.0,5,0.6021492092762147,21,3640000,,
Marc Albrighton,Midfielder,33.33,1.0,287.0,3.0,152.0,375.0,2.0,3,0.02976766484515686,4,2340000,,
Mark Noble,Midfielder,50.0,2.0,261.0,2.0,31.0,0.0,0.0,3,-0.26920709554764466,13,2600000,,
Martin Odegaard,Midfielder,21.21,21.0,1341.0,33.0,266.0,698.0,4.0,2,1.4320905057142808,8,4110000,,
Marvelous Nakamba,Midfielder,0.0,0.0,327.0,0.0,127.0,181.0,0.0,1,-0.64174871000726,9,1690000,,
Mason Greenwood,Midfielder,13.16,19.0,389.0,38.0,131.0,1281.0,0.0,4,0.5893380005520131,7,3900000,,
Mason Mount,Midfielder,20.0,29.0,952.0,55.0,230.0,591.0,6.0,2,1.803051863427431,2,4160000,,
Mateo Kovacic,Midfielder,11.76,6.0,1055.0,17.0,190.0,389.0,1.0,5,0.27608971250944264,40,7800000,,
Mateusz Klich,Midfielder,3.7,18.0,776.0,27.0,218.0,417.0,0.0,5,0.42786812684325326,31,403000,,
Mathias Jensen,Midfielder,0.0,5.0,534.0,14.0,160.0,0.0,0.0,0,-0.29765630557578415,34,1040000,,
Mathias Normann,Midfielder,5.0,5.0,535.0,20.0,216.0,275.0,0.0,0,-0.014331162527067377,17,2800000,,
Matt Ritchie,Midfielder,0.0,1.0,393.0,5.0,102.0,267.0,0.0,1,-0.5702484394532096,4,2340000,,
Maximillian James Aarons,Midfielder,0.0,2.0,846.0,7.0,314.0,360.0,1.0,0,0.10503877796491642,8,1170000,,
Michael Olise,Midfielder,13.33,10.0,446.0,15.0,187.0,284.0,3.0,0,0.3159755974551317,2,2470000,,
Miguel Angel Almiron Rejala,Midfielder,5.88,7.0,396.0,17.0,204.0,860.0,0.0,0,0.06716606372205908,9,2201000,,
Milot Rashica,Midfielder,3.12,17.0,325.0,32.0,269.0,0.0,1.0,5,0.4070131345868664,34,31000,,
Mohamed Elneny,Midfielder,0.0,2.0,528.0,5.0,47.0,800.0,1.0,0,-0.39832189809509333,44,2730000,,
Mohamed Elyounoussi,Midfielder,12.9,19.0,428.0,31.0,276.0,511.0,1.0,5,0.7003541195554669,16,3120000,,
Moises Isaac Caicedo Corozo,Midfielder,16.67,4.0,220.0,6.0,74.0,332.0,1.0,0,-0.31588092239835736,37,182000,,
Morgan Gibbs-White,Midfielder,0.0,0.0,7.0,1.0,4.0,7.0,0.0,1,-0.9891228527717758,36,78000,,
Morgan Sanson,Midfielder,0.0,0.0,122.0,1.0,66.0,0.0,0.0,1,-0.8436547520473989,20,2496000,,
Moussa Djenepo,Midfielder,0.0,1.0,106.0,8.0,83.0,151.0,0.0,1,-0.6853414793765759,11,2860000,,
Moussa Sissoko,Midfielder,9.52,8.0,895.0,21.0,359.0,644.0,0.0,5,0.5577107931674834,26,4160000,,
N'Golo Kante,Midfielder,16.67,9.0,1118.0,12.0,210.0,889.0,2.0,5,0.5910855433126286,24,15080000,,
Naby Deco Keita,Midfielder,20.0,7.0,638.0,15.0,146.0,391.0,1.0,0,0.15538706013041195,5,6240000,,
Nampalys Mendy,Midfielder,0.0,1.0,592.0,1.0,86.0,345.0,0.0,1,-0.5649703312214568,3,2860000,,
Nathan Ferguson,Midfielder,0.0,0.0,1.0,0.0,0.0,0.0,0.0,1,-1.0109719225234475,50,1500000,,
Nathan Redmond,Midfielder,6.67,9.0,491.0,15.0,175.0,0.0,0.0,0,-0.1182052815220576,26,3120000,,
Nathan Tella,Midfielder,0.0,5.0,100.0,9.0,136.0,405.0,0.0,0,-0.4423161398616935,46,650000,,
Nemanja Matic,Midfielder,0.0,1.0,901.0,5.0,162.0,461.0,3.0,0,0.009205236036824632,13,6240000,,
Nikola Vlasic,Midfielder,25.0,3.0,164.0,4.0,89.0,0.0,0.0,3,-0.42294055302204014,17,3640000,,
Ogochukwu Onyeka Frank,Midfielder,0.0,5.0,251.0,11.0,169.0,262.0,0.0,0,-0.3452645141926297,40,960000,,
Oleksandr Zinchenko,Midfielder,0.0,4.0,882.0,10.0,90.0,0.0,1.0,0,-0.2905005943895259,33,1040000,,
Oliver Skipp,Midfielder,0.0,1.0,761.0,3.0,120.0,225.0,0.0,0,-0.45545139258374234,47,40000,,
Onyinye Wilfred Ndidi,Midfielder,0.0,4.0,747.0,9.0,251.0,405.0,0.0,0,-0.05553540024930209,21,3900000,,
Oriol Romeu,Midfielder,11.11,4.0,1373.0,18.0,361.0,322.0,1.0,5,0.6300538270261025,20,3380000,,
Ozan Tufan,Midfielder,0.0,0.0,85.0,3.0,37.0,0.0,0.0,1,-0.8846891733441972,22,1000000,,
Pablo Fornals Malla,Midfielder,20.69,12.0,1028.0,29.0,302.0,701.0,1.0,5,0.893089610340686,10,3500000,,
Pascal Gross,Midfielder,11.76,9.0,919.0,17.0,136.0,2043.0,2.0,4,0.6545399210297838,6,2600000,,
Paul Pogba,Midfielder,4.35,8.0,732.0,23.0,238.0,154.0,2.0,5,0.3288496917008388,37,15080000,,
Pelenda Joshua Tunga Dasilva,Midfielder,0.0,0.0,72.0,0.0,30.0,126.0,0.0,1,-0.9072251450270773,24,936000,,
Philip Foden,Midfielder,21.95,22.0,839.0,41.0,188.0,2133.0,4.0,2,1.5719350699126617,6,624000,,
Philippe Coutinho,Midfielder,14.71,16.0,516.0,34.0,145.0,0.0,0.0,5,0.2808379991848111,39,8580000,,
Pierre Lees Melou,Midfielder,4.55,9.0,790.0,22.0,259.0,454.0,0.0,5,0.28160496854999884,38,1768000,,
Pierre-Emile Hojbjerg,Midfielder,10.0,11.0,2266.0,20.0,313.0,1066.0,2.0,5,1.2305939918086723,2,5300000,,
Robert Kenedy Nunes do Nascimento,Midfielder,0.0,0.0,34.0,0.0,11.0,0.0,0.0,1,-0.9809767664311697,33,1300000,,
Rodri,Midfielder,21.88,14.0,2621.0,32.0,319.0,577.0,1.0,5,1.4787523689820241,1,6300000,,
Rodrigo Bentancur,Midfielder,0.0,2.0,902.0,10.0,159.0,273.0,3.0,0,0.0394687125166866,11,3900000,,
Ross Barkley,Midfielder,12.5,4.0,103.0,8.0,30.0,0.0,0.0,1,-0.6175968633632839,7,4766667,,
Ruben Diogo Da Silva Neves,Midfielder,12.5,16.0,1618.0,32.0,262.0,296.0,2.0,5,1.0327899070321627,6,2600000,,
Ruben Loftus-Cheek,Midfielder,0.0,6.0,857.0,13.0,244.0,1386.0,0.0,4,0.26904163002509096,11,2808000,,
Ryan Fraser,Midfielder,12.5,8.0,299.0,16.0,91.0,490.0,1.0,0,-0.07615114151449134,25,2173600,,
Ryan Sessegnon,Midfielder,0.0,1.0,248.0,4.0,118.0,527.0,2.0,0,-0.35961599758887963,43,3000000,,
Saul Niguez,Midfielder,0.0,1.0,288.0,3.0,70.0,477.0,0.0,1,-0.6364148208149708,8,10310000,,
Scott McTominay,Midfielder,6.67,7.0,1055.0,15.0,364.0,266.0,0.0,5,0.41383295806242404,33,3120000,,
Sean Longstaff,Midfielder,9.09,2.0,478.0,11.0,186.0,1458.0,0.0,4,0.05673493590830897,12,52000,,
Sergi Canos Tenes,Midfielder,13.04,13.0,417.0,23.0,235.0,263.0,2.0,5,0.4468197009558802,29,780000,,
Shandon Baptiste,Midfielder,14.29,4.0,255.0,7.0,105.0,453.0,0.0,0,-0.3275212420712761,39,624000,,
Solomon March,Midfielder,0.0,10.0,493.0,17.0,204.0,1739.0,1.0,4,0.3799613954472906,9,1560000,,
Steven Alzate,Midfielder,0.0,1.0,203.0,1.0,46.0,0.0,0.0,1,-0.8338148300737851,19,780000,,
Stuart Armstrong,Midfielder,7.69,9.0,571.0,26.0,167.0,1470.0,0.0,4,0.35199273701600053,10,2600000,,
Stuart Dallas,Midfielder,5.56,9.0,1065.0,18.0,338.0,584.0,1.0,5,0.5938327062763727,23,416000,,
Stuart McKinstry,Midfielder,0.0,0.0,2.0,0.0,0.0,0.0,0.0,1,-1.0106613771820399,48,135200,,
Takumi Minamino,Midfielder,60.0,4.0,58.0,5.0,33.0,176.0,0.0,3,-0.1064775021662395,7,3900000,,
Tanguy Ndombele,Midfielder,20.0,3.0,230.0,5.0,72.0,486.0,0.0,3,-0.36848106929312185,16,10400000,,
Tarique Fosu,Midfielder,0.0,1.0,5.0,1.0,2.0,0.0,0.0,1,-0.9742914469758033,32,260000,,
Taylor Richards,Midfielder,0.0,0.0,21.0,0.0,6.0,0.0,0.0,1,-0.9939898376084807,39,780000,,
Thiago Alcantara,Midfielder,9.09,6.0,1335.0,11.0,199.0,769.0,2.0,5,0.45706501412179157,27,10400000,,
Thomas Partey,Midfielder,6.67,10.0,1031.0,30.0,227.0,406.0,0.0,5,0.4220161192331079,32,10400000,,
Tim Iroegbunam,Midfielder,0.0,0.0,0.0,0.0,0.0,91.0,0.0,1,-0.991174235548707,37,624000,,
Todd Cantwell,Midfielder,0.0,0.0,127.0,4.0,67.0,221.0,0.0,1,-0.7576978748781602,14,1300000,,
Tom Cleverley,Midfielder,0.0,7.0,456.0,8.0,164.0,812.0,1.0,0,-0.07126849794239672,24,2600000,,
Tom Davies,Midfielder,33.33,2.0,60.0,3.0,21.0,232.0,0.0,3,-0.46765033140589074,18,1300000,,
Tomas Soucek,Midfielder,15.15,12.0,1029.0,33.0,463.0,1021.0,0.0,5,1.1477799649166043,4,3500000,,
Tyler Morton,Midfielder,0.0,0.0,30.0,0.0,8.0,66.0,0.0,1,-0.9730205441713524,31,270000,,
Tyler Onyango,Midfielder,0.0,0.0,1.0,0.0,4.0,0.0,0.0,1,-1.0037911371322388,43,12471,,
Vitaly Janelt,Midfielder,21.05,11.0,738.0,19.0,218.0,769.0,0.0,5,0.4476167860019411,28,520000,,
Will Hughes,Midfielder,0.0,0.0,428.0,2.0,124.0,176.0,0.0,1,-0.594357617076399,5,2860000,,
William Smallbone,Midfielder,0.0,0.0,19.0,1.0,13.0,0.0,0.0,1,-0.9707863286459062,30,900000,,
Youri Tielemans,Midfielder,15.38,17.0,1426.0,39.0,312.0,878.0,3.0,2,1.4124993706043245,9,1718000,,
Yves Bissouma,Midfielder,6.25,5.0,1051.0,16.0,247.0,212.0,1.0,5,0.24652149321953504,43,1300000,,
Aaron Cresswell,Defender,18.18,4.0,1410.0,11.0,141.0,909.0,0.0,0,0.45383151018711576,3,2600000,,
Aaron Wan-Bissaka,Defender,0.0,1.0,759.0,2.0,208.0,897.0,0.0,0,-0.19861726268807106,48,4680000,,
Adam Masina,Defender,0.0,0.0,294.0,4.0,116.0,0.0,1.0,1,-0.5288655039284255,10,1456000,,
Adam Webster,Defender,28.57,3.0,935.0,7.0,136.0,286.0,0.0,0,0.2634754232829628,9,1976000,,
Alex Nicolao Telles,Defender,0.0,3.0,747.0,7.0,180.0,1659.0,1.0,5,0.12836067995184108,11,4840000,,
Andreas Christensen,Defender,0.0,0.0,1189.0,5.0,126.0,748.0,0.0,0,-0.1577757110102148,44,4160000,,
Andrew Omobamidele,Defender,100.0,1.0,191.0,1.0,37.0,381.0,0.0,4,0.9775526450679507,2,630000,,
Andrew Robertson,Defender,21.43,8.0,1640.0,14.0,156.0,363.0,7.0,2,1.3508737148200531,3,2600000,,
Angelo Ogbonna,Defender,100.0,1.0,404.0,1.0,60.0,922.0,0.0,4,1.1771138724516617,1,3640000,,
Antonio Rudiger,Defender,8.33,13.0,2195.0,36.0,203.0,337.0,0.0,3,1.0824146435079447,4,5200000,,
Arthur Masuaku,Defender,33.33,1.0,254.0,3.0,100.0,645.0,0.0,4,0.031442550908714485,13,2080000,,
Ashley Young,Defender,0.0,3.0,414.0,7.0,112.0,620.0,1.0,0,-0.254494116780324,51,2600000,,
Axel Tuanzebe,Defender,0.0,1.0,207.0,1.0,39.0,506.0,0.0,1,-0.6567441819061434,22,2600000,,
Aymeric Laporte,Defender,13.33,8.0,2761.0,30.0,160.0,405.0,0.0,3,1.1121781003723246,3,6240000,,
Ben Chilwell,Defender,33.33,6.0,224.0,9.0,62.0,0.0,1.0,4,0.1735693797618403,9,9880000,,
Ben Davies,Defender,8.33,7.0,1341.0,12.0,237.0,423.0,0.0,3,0.37471975057085993,26,3120000,,
Ben Gibson,Defender,0.0,4.0,1111.0,7.0,149.0,499.0,0.0,0,-0.06995089179646581,34,2080000,,
Ben Godfrey,Defender,0.0,7.0,540.0,14.0,186.0,339.0,0.0,0,-0.08518152253456054,37,4000000,,
Ben Mee,Defender,18.75,4.0,530.0,16.0,163.0,613.0,0.0,0,0.19154402125300385,15,2860000,,
Ben White,Defender,0.0,4.0,1531.0,8.0,237.0,960.0,0.0,0,0.26844676254695377,8,6240000,,
Benjamin Johnson,Defender,20.0,1.0,398.0,5.0,108.0,1396.0,0.0,0,0.03346844595263573,25,1000000,,
Benjamin Mendy,Defender,0.0,0.0,71.0,0.0,14.0,0.0,0.0,1,-0.8658060926919767,44,4680000,,
Brandon Williams,Defender,0.0,1.0,763.0,4.0,237.0,265.0,0.0,0,-0.25952217665815547,52,3380000,,
Caglar Soyuncu,Defender,14.29,1.0,1625.0,7.0,251.0,500.0,0.0,0,0.3714155278329955,4,2340000,,
Calum Chambers,Defender,33.33,1.0,462.0,3.0,98.0,1000.0,0.0,4,0.16738066642122912,10,1225000,,
Cedric Soares,Defender,16.67,1.0,730.0,6.0,130.0,495.0,0.0,0,-0.040686531753572945,30,3900000,,
Cesar Azpilicueta,Defender,12.5,4.0,1371.0,8.0,200.0,692.0,0.0,0,0.3313788629113932,6,7800000,,
Charlie Cresswell,Defender,0.0,0.0,0.0,0.0,0.0,137.0,0.0,1,-0.8796254673994833,48,110000,,
Charlie Goode,Defender,0.0,0.0,161.0,2.0,50.0,149.0,0.0,1,-0.7430502878159011,32,292500,,
Charlie Taylor,Defender,0.0,0.0,697.0,6.0,279.0,910.0,1.0,0,-0.018559375771156066,28,1300000,,
Christian Kabasele,Defender,0.0,0.0,367.0,7.0,83.0,0.0,0.0,1,-0.6021127839524679,18,1560000,,
Christoph Zimmermann,Defender,0.0,1.0,46.0,2.0,14.0,0.0,0.0,1,-0.8215370351473543,40,1010000,,
Ciaran Clark,Defender,0.0,1.0,288.0,6.0,76.0,254.0,1.0,1,-0.4736151719016477,5,1820000,,
Cody Drameh,Defender,0.0,0.0,41.0,0.0,14.0,126.0,0.0,1,-0.8524751841415036,43,30000,,
Conor Coady,Defender,50.0,4.0,1506.0,8.0,121.0,673.0,0.0,4,0.9134063421372333,5,858000,,
Conrad Jonathan Egan Riley,Defender,0.0,0.0,2.0,0.0,1.0,0.0,0.0,1,-0.9035636284481213,53,320272,,
Craig Cathcart,Defender,0.0,0.0,735.0,2.0,148.0,798.0,1.0,0,-0.21797700137998838,49,1195000,,
Craig Dawson,Defender,10.53,6.0,1031.0,19.0,246.0,459.0,1.0,3,0.4809918890638229,20,2210000,,
Cristian Gabriel Romero,Defender,25.0,2.0,1136.0,4.0,208.0,231.0,0.0,0,0.27520641769226906,7,8580000,,
Dan Burn,Defender,7.14,5.0,978.0,14.0,240.0,308.0,1.0,3,0.28117510459274203,29,1000000,,
Daniel Amartey,Defender,0.0,1.0,1390.0,2.0,136.0,530.0,0.0,0,-0.12838060297413095,42,1092000,,
Danny Rose,Defender,0.0,1.0,155.0,3.0,81.0,172.0,0.0,1,-0.6669388418955117,24,3120000,,
Davinson Sanchez Mina,Defender,18.18,3.0,984.0,11.0,166.0,406.0,0.0,0,0.21215986336943,14,3380000,,
Diego Llorente,Defender,33.33,3.0,1105.0,9.0,239.0,335.0,0.0,0,0.5466101350864456,1,1144000,,
Dominic Thompson,Defender,0.0,0.0,20.0,1.0,8.0,0.0,0.0,1,-0.8773263229281629,47,182000,,
Emerson Aparecido Leite de Souza Junior,Defender,9.09,4.0,933.0,11.0,302.0,458.0,0.0,0,0.22779153748624187,12,3696030,,
Emerson Palmieri dos Santos,Defender,0.0,0.0,1.0,0.0,0.0,0.0,0.0,1,-0.904987518614185,54,3510000,,
Emil Krafth,Defender,0.0,2.0,433.0,5.0,139.0,328.0,1.0,0,-0.3264489919341193,54,3000000,,
Eric Bertrand Bailly,Defender,0.0,0.0,68.0,0.0,18.0,218.0,0.0,1,-0.8216123671159036,41,4160000,,
Eric Dier,Defender,0.0,5.0,2041.0,10.0,170.0,3072.0,0.0,5,0.8205013343495288,3,3755200,,
Erik Pieters,Defender,0.0,0.0,171.0,4.0,84.0,727.0,0.0,1,-0.5694558956019412,15,2500000,,
Ethan Pinnock,Defender,7.69,9.0,1065.0,13.0,316.0,2698.0,0.0,5,0.8496565934072396,2,780000,,
Ezri Konsa Ngoyo,Defender,15.38,6.0,869.0,13.0,197.0,310.0,0.0,0,0.25010326757304385,11,1560000,,
Fabian Schar,Defender,12.5,8.0,686.0,16.0,160.0,540.0,1.0,3,0.3358239617615187,27,2080000,,
Federico Fernandez,Defender,0.0,1.0,181.0,4.0,24.0,0.0,0.0,1,-0.7393573195837724,30,2459600,,
Fernando Marcal,Defender,0.0,1.0,534.0,7.0,160.0,484.0,0.0,0,-0.3428435468481607,55,1820000,,
Finley Stevens,Defender,0.0,0.0,0.0,0.0,0.0,0.0,0.0,1,-0.9053312143927087,56,280000,,
Francisco Femenia Far,Defender,0.0,1.0,647.0,1.0,122.0,1075.0,2.0,0,-0.10878078133531849,40,1040000,,
Gabriel dos Santos Magalhaes,Defender,20.0,12.0,1824.0,25.0,225.0,384.0,0.0,3,1.0165737119583012,5,2600000,,
Grant Hanley,Defender,5.88,4.0,1084.0,17.0,241.0,1450.0,0.0,5,0.4214067144283793,7,1040000,,
Harrison Ashby,Defender,0.0,0.0,0.0,0.0,0.0,0.0,0.0,1,-0.9053312143927087,55,19760,,
Harry Maguire,Defender,5.26,10.0,1348.0,19.0,199.0,279.0,0.0,3,0.4290047295340259,23,8464286,,
Hector Junior Firpo Adames,Defender,0.0,1.0,632.0,9.0,220.0,156.0,1.0,0,-0.18075562249620036,46,2200000,,
Ibrahima Konate,Defender,0.0,0.0,657.0,4.0,89.0,495.0,0.0,1,-0.44054967531954564,4,3640000,,
Issa Diop,Defender,0.0,2.0,406.0,2.0,61.0,0.0,1.0,1,-0.5189958887956109,9,3484000,,
Jack Stephens,Defender,0.0,0.0,358.0,0.0,66.0,270.0,0.0,1,-0.6603343348761155,23,2496000,,
Jairo Riedewald,Defender,0.0,0.0,45.0,0.0,8.0,0.0,0.0,1,-0.8812233492588292,49,2860000,,
Jamal Lascelles,Defender,7.69,4.0,514.0,13.0,166.0,411.0,0.0,0,-0.07027909570736283,35,2080000,,
Jamal Lewis,Defender,0.0,0.0,62.0,0.0,28.0,263.0,0.0,1,-0.8044291043737211,38,2000000,,
James Justin,Defender,0.0,1.0,451.0,2.0,103.0,0.0,0.0,1,-0.5862029443542552,17,429000,,
James Tarkowski,Defender,5.0,6.0,808.0,20.0,352.0,282.0,0.0,3,0.3058705618151399,28,2600000,,
James Tomkins,Defender,33.33,2.0,276.0,3.0,34.0,273.0,0.0,4,-0.0742059077013682,15,2600000,,
Jan Bednarek,Defender,26.67,7.0,1180.0,15.0,224.0,263.0,0.0,3,0.6182254403502575,12,1040000,,
Jannik Vestergaard,Defender,0.0,0.0,335.0,1.0,53.0,282.0,0.0,1,-0.6675408457496467,25,3390000,,
Japhet Tanganga,Defender,0.0,2.0,291.0,4.0,87.0,185.0,0.0,1,-0.5709037870106082,16,1200000,,
Jarrad Branthwaite,Defender,33.33,2.0,86.0,3.0,35.0,194.0,0.0,4,-0.15325093322208633,16,780000,,
Javier Manquillo Gaitan,Defender,33.33,2.0,230.0,3.0,130.0,252.0,1.0,4,0.10990137015474336,12,1820000,,
Joachim Andersen,Defender,0.0,0.0,0.0,0.0,0.0,729.0,1.0,1,-0.6683876996297026,26,4130000,,
Joao Cancelo,Defender,2.0,23.0,2510.0,50.0,424.0,461.0,3.0,2,2.101402558121443,1,4160000,,
Joe Gomez,Defender,0.0,0.0,199.0,1.0,47.0,164.0,0.0,1,-0.7429053543424091,31,3900000,,
Joe Rodon,Defender,0.0,0.0,29.0,0.0,5.0,0.0,0.0,1,-0.889963064877826,52,500000,,
Joel Matip,Defender,11.54,9.0,2052.0,26.0,256.0,1395.0,1.0,3,1.2062263112362612,2,5200000,,
Joel Veltman,Defender,16.67,3.0,1259.0,6.0,307.0,480.0,1.0,0,0.48543258412310414,2,2000000,,
Joel Ward,Defender,0.0,1.0,1143.0,8.0,257.0,311.0,0.0,0,-0.04872508316575466,32,1820000,,
John Stones,Defender,16.67,5.0,892.0,6.0,82.0,0.0,0.0,0,-0.018205133471017647,27,13000000,,
Jonjoe Kenny,Defender,0.0,0.0,265.0,3.0,71.0,339.0,0.0,1,-0.6364821178683596,20,780000,,
Jonny,Defender,25.0,5.0,422.0,8.0,123.0,1023.0,0.0,0,0.22020210958859776,13,1907000,,
Jonny Evans,Defender,33.33,2.0,830.0,3.0,126.0,450.0,0.0,4,0.24879051183684076,7,4160000,,
Jose Diogo Dalot Teixeira,Defender,0.0,4.0,770.0,12.0,178.0,450.0,0.0,0,-0.10257243736238872,39,1300000,,
Kevin Long,Defender,0.0,0.0,79.0,4.0,30.0,408.0,0.0,1,-0.7192613916776484,28,1200000,,
Ki-Jana Hoever,Defender,0.0,0.0,82.0,1.0,41.0,305.0,0.0,1,-0.763142647002748,33,2100000,,
Kieran Tierney,Defender,10.0,5.0,746.0,10.0,105.0,0.0,1.0,0,-0.0045065237430141625,26,5720000,,
Kieran Trippier,Defender,100.0,2.0,132.0,2.0,48.0,0.0,0.0,4,0.9380405183242347,4,6250000,,
Konstantinos Tsimikas,Defender,0.0,2.0,415.0,5.0,104.0,291.0,0.0,1,-0.4775436669802099,6,3120000,,
Kortney Hause,Defender,50.0,2.0,177.0,2.0,44.0,0.0,0.0,4,0.11648080234663227,11,420000,,
Kristoffer Ajer,Defender,50.0,1.0,505.0,2.0,170.0,400.0,3.0,4,0.7129649343509091,6,1150000,,
Kurt Happy Zouma,Defender,20.0,3.0,870.0,5.0,116.0,2080.0,0.0,5,0.3884407311328478,9,6240000,,
Kyle Walker,Defender,0.0,2.0,1353.0,4.0,98.0,1756.0,2.0,5,0.30107284800996725,10,5720000,,
Kyle Walker-Peters,Defender,6.67,7.0,883.0,15.0,333.0,526.0,2.0,3,0.5504722507830524,15,1200000,,
Leander Dendoncker,Defender,10.0,10.0,703.0,20.0,170.0,486.0,1.0,3,0.4064241832186856,25,6240000,,
Leo Fuhr Hjelde,Defender,0.0,0.0,55.0,0.0,11.0,0.0,0.0,1,-0.8745458083109735,46,52000,,
Lewis Dunk,Defender,7.69,7.0,1714.0,13.0,153.0,515.0,0.0,3,0.43127499447549944,22,2340000,,
Liam Cooper,Defender,0.0,1.0,976.0,5.0,208.0,363.0,0.0,0,-0.18676313968387068,47,338000,,
Lucas Digne,Defender,0.0,3.0,872.0,11.0,250.0,407.0,3.0,3,0.2622950279235638,30,7650000,,
Luke Ayling,Defender,12.5,4.0,1096.0,16.0,290.0,379.0,1.0,3,0.47542511610879334,21,416000,,
Luke Shaw,Defender,0.0,1.0,774.0,5.0,139.0,200.0,2.0,0,-0.1609894707147606,45,6240000,,
Luke Thomas,Defender,0.0,0.0,0.0,0.0,0.0,956.0,1.0,1,-0.6257949655606357,19,600000,,
Lyanco,Defender,0.0,1.0,281.0,3.0,85.0,453.0,0.0,1,-0.5665874699368184,14,2500000,,
Mads Bech Sorensen,Defender,0.0,0.0,347.0,0.0,36.0,278.0,0.0,1,-0.6950197545482292,27,208000,,
Mads Roerslev Rasmussen,Defender,25.0,2.0,198.0,4.0,122.0,1233.0,0.0,0,0.04793151621980248,24,346667,,
Malang Sarr,Defender,0.0,0.0,412.0,1.0,50.0,273.0,0.0,1,-0.6460055526735424,21,6240000,,
Marc Cucurella Saseta,Defender,7.14,3.0,1551.0,14.0,323.0,515.0,1.0,3,0.5508437692865774,14,2600000,,
Marc Guehi,Defender,16.67,5.0,2047.0,12.0,226.0,806.0,1.0,3,0.8606392776642773,7,2610000,,
Marcos Alonso,Defender,16.67,11.0,919.0,24.0,240.0,272.0,2.0,3,0.8052046690936273,9,5200000,,
Mason Holgate,Defender,33.33,3.0,575.0,6.0,193.0,237.0,0.0,0,0.2589061156671855,10,1300000,,
Mathias Jattah-Njie Jorgensen,Defender,100.0,1.0,217.0,1.0,47.0,259.0,0.0,4,0.9743994300377125,3,1716000,,
Matt Doherty,Defender,18.18,6.0,378.0,11.0,78.0,0.0,2.0,0,0.11660971060761802,19,3400000,,
Matt Targett,Defender,10.0,6.0,881.0,10.0,264.0,958.0,1.0,3,0.42127852015960765,24,1820000,,
Matthew Lowton,Defender,16.67,2.0,437.0,6.0,142.0,354.0,1.0,0,-0.026841812093733063,29,1300000,,
Matty Cash,Defender,14.29,13.0,880.0,28.0,372.0,423.0,1.0,3,0.9286460192759788,6,3380000,,
Max Kilman,Defender,10.0,4.0,1303.0,10.0,220.0,896.0,0.0,0,0.35123218759229885,5,780000,,
Michael Keane,Defender,18.75,6.0,926.0,16.0,249.0,698.0,1.0,3,0.5924172282930494,13,3380000,,
Mohamed Salisu Abdul Karim,Defender,0.0,10.0,1357.0,19.0,336.0,297.0,0.0,3,0.49586142791082455,17,2028000,,
Nathan Ake,Defender,40.0,2.0,772.0,5.0,83.0,0.0,0.0,4,0.23403458437124403,8,4800000,,
Nathan Michael Collins,Defender,16.67,5.0,434.0,12.0,177.0,418.0,0.0,0,0.08036786485186542,20,1040000,,
Nathaniel Clyne,Defender,0.0,2.0,443.0,3.0,65.0,1350.0,1.0,0,-0.23616414050870466,50,4200000,,
Neco Williams,Defender,0.0,0.0,8.0,0.0,3.0,0.0,1.0,1,-0.7991821455532097,36,1300000,,
Nelson Semedo,Defender,0.0,4.0,707.0,14.0,259.0,2137.0,1.0,5,0.40494542609475165,8,4000000,,
Nicolas N'Koulou,Defender,0.0,0.0,50.0,0.0,6.0,0.0,0.0,1,-0.8816652591412922,50,2200000,,
Nuno Albertino Varela Tavares,Defender,5.26,2.0,481.0,19.0,159.0,585.0,0.0,0,-0.0778324132512136,36,1404000,,
Ozan Muhammed Kabak,Defender,0.0,2.0,349.0,3.0,108.0,462.0,0.0,1,-0.48880037695600814,8,3380000,,
Pablo Mari Villar,Defender,0.0,0.0,79.0,1.0,18.0,180.0,0.0,1,-0.8124723539681912,39,4420000,,
Pascal Struijk,Defender,11.11,4.0,1065.0,9.0,201.0,260.0,0.0,0,0.1355708259932426,17,371800,,
Paul Dummett,Defender,0.0,0.0,38.0,0.0,23.0,99.0,0.0,1,-0.848850618111964,42,1820000,,
Phil Jones,Defender,0.0,0.0,71.0,0.0,11.0,0.0,0.0,1,-0.8690466758545975,45,3900000,,
Pontus Jansson,Defender,17.65,11.0,1205.0,17.0,263.0,475.0,1.0,3,0.7951718280451515,10,1300000,,
Przemyslaw Placheta,Defender,0.0,7.0,98.0,7.0,55.0,504.0,0.0,1,-0.43506699066028665,3,320000,,
Raphael Varane,Defender,16.67,1.0,1005.0,6.0,131.0,0.0,1.0,0,0.06219049225949085,21,17680000,,
Rayan Ait Nouri,Defender,9.09,4.0,578.0,11.0,256.0,457.0,0.0,0,0.05590296109381727,22,1900000,,
Reece James,Defender,20.83,10.0,1232.0,24.0,200.0,311.0,5.0,2,1.2187665912672256,4,3016000,,
Ricardo Domingos Barbosa Pereira,Defender,16.67,2.0,426.0,6.0,132.0,331.0,1.0,0,-0.045739972896720306,31,3640000,,
Rico Henry,Defender,27.27,5.0,762.0,11.0,256.0,1392.0,0.0,5,0.6252342555017817,4,624000,,
Rob Holding,Defender,33.33,1.0,414.0,3.0,79.0,210.0,0.0,4,-0.017870644199105445,14,2704000,,
Robin Koch,Defender,0.0,1.0,532.0,9.0,181.0,524.0,0.0,0,-0.288362687090092,53,2400000,,
Romain Perraud,Defender,0.0,3.0,377.0,14.0,160.0,542.0,1.0,0,-0.14257097322654738,43,2040000,,
Romain Saiss,Defender,11.11,6.0,1423.0,18.0,232.0,452.0,0.0,3,0.49629552113105224,16,1144000,,
Ruben Santos Gato Alves Dias,Defender,18.18,3.0,2118.0,11.0,161.0,481.0,2.0,3,0.8109002324046214,8,9013333,,
Ryan Bertrand,Defender,0.0,0.0,118.0,0.0,28.0,338.0,0.0,1,-0.7711096515465375,34,2300000,,
Ryan Fredericks,Defender,0.0,0.0,93.0,0.0,14.0,304.0,0.0,1,-0.801204295886062,37,2080000,,
Sam Byram,Defender,0.0,2.0,339.0,5.0,114.0,341.0,0.0,1,-0.48348094278601433,7,1560000,,
Samir,Defender,0.0,2.0,537.0,4.0,155.0,419.0,0.0,0,-0.36899524074390255,56,4630000,,
Sead Kolasinac,Defender,0.0,0.0,13.0,0.0,2.0,90.0,0.0,1,-0.8818157934209812,51,5200000,,
Seamus Coleman,Defender,20.0,1.0,706.0,5.0,227.0,665.0,0.0,0,0.13071001616138453,18,3640000,,
Sergio Reguilon Rodriguez,Defender,14.29,9.0,606.0,14.0,219.0,481.0,2.0,3,0.4938629463266407,18,2500000,,
Shane Duffy,Defender,6.25,6.0,896.0,16.0,132.0,205.0,0.0,0,0.05488521749352903,23,2080000,,
Takehiro Tomiyasu,Defender,0.0,2.0,747.0,9.0,189.0,841.0,0.0,0,-0.11846420804210758,41,2910000,,
Tariq Lamptey,Defender,0.0,4.0,528.0,15.0,236.0,389.0,2.0,3,0.10324493541727625,31,1820000,,
Thiago Silva,Defender,23.08,5.0,2415.0,13.0,162.0,1324.0,0.0,5,1.0342641898370644,1,8580000,,
Timothy Castagne,Defender,16.67,3.0,901.0,6.0,211.0,2124.0,0.0,5,0.46700087867784135,5,3276000,,
Tote Antonio Gomes,Defender,0.0,0.0,152.0,0.0,49.0,360.0,0.0,1,-0.7326119827642985,29,399453,,
Trent Alexander-Arnold,Defender,5.56,15.0,1678.0,36.0,178.0,1427.0,6.0,2,1.6928261098980115,2,9360000,,
Trevoh Chalobah,Defender,33.33,7.0,1148.0,9.0,157.0,725.0,1.0,3,0.7576794189094673,11,1040000,,
Tyrick Mitchell,Defender,0.0,0.0,1075.0,1.0,271.0,3103.0,1.0,5,0.45174855452297186,6,1456000,,
Tyrone Mings,Defender,6.25,5.0,1314.0,16.0,224.0,290.0,2.0,3,0.4863119861744162,19,4160000,,
Valentino Livramento,Defender,11.11,3.0,713.0,9.0,242.0,1101.0,0.0,0,0.18879478398617236,16,260000,,
Victor Nilsson Lindelof,Defender,0.0,2.0,1207.0,2.0,134.0,589.0,1.0,0,-0.05432543115595575,33,6240000,,
Virgil van Dijk,Defender,10.34,14.0,2360.0,29.0,198.0,1020.0,0.0,3,1.2358083594653424,1,11440000,,
Vitalii Mykolenko,Defender,14.29,2.0,235.0,7.0,89.0,0.0,0.0,1,-0.34724707954176964,1,3016000,,
Vladimir Coufal,Defender,0.0,5.0,747.0,8.0,212.0,442.0,0.0,0,-0.09732696936472526,38,1600000,,
Wesley Fofana,Defender,0.0,1.0,460.0,3.0,63.0,315.0,0.0,1,-0.5547235822899553,13,1000000,,
William Troost-Ekong,Defender,0.0,0.0,464.0,2.0,87.0,463.0,0.0,1,-0.5400264530085787,11,1430000,,
Willy Boly,Defender,0.0,1.0,465.0,2.0,90.0,900.0,0.0,1,-0.4265638597345349,2,2600000,,
Yann Valery,Defender,0.0,0.0,101.0,2.0,46.0,0.0,0.0,1,-0.795950157347476,35,104000,,
Yerry Fernando Mina Gonzalez,Defender,0.0,2.0,285.0,6.0,76.0,282.0,0.0,1,-0.5416688389532222,12,6240000,,
Aaron Ramsdale,Goalkeeper,,,632.0,,,,,3,-0.093188895142654,2,3220000,2.65,69.77
Alex McCarthy,Goalkeeper,,,243.0,,,,,1,-0.34406755369793424,5,3466667,2.59,61.97
Alisson Becker,Goalkeeper,,,1009.0,,,,,3,-0.470159284814353,5,7800000,2.11,76.0
Alphonse Areola,Goalkeeper,,,18.0,,,,,1,-0.9853162152305383,8,3900000,2.0,66.67
Alvaro Fernandez Llorente,Goalkeeper,,,275.0,,,,,0,1.2253554409051115,1,390000,4.08,67.12
Angus Gunn,Goalkeeper,,,162.0,,,,,0,0.9501885057436669,6,1300000,3.89,61.4
Asmir Begovic,Goalkeeper,,,35.0,,,,,0,0.656567777657924,8,940000,3.67,57.89
Ben Foster,Goalkeeper,,,356.0,,,,,1,-0.22822684713030658,4,1560000,2.69,58.82
Bernd Leno,Goalkeeper,,,63.0,,,,,1,-0.5672632077755486,6,5200000,2.5,52.63
Caoimhin Kelleher,Goalkeeper,,,67.0,,,,,4,0.1143193854616817,1,312000,3.0,75.0
Damian Emiliano Martinez,Goalkeeper,,,660.0,,,,,3,-0.11944241721157198,3,7488000,2.64,66.43
Daniel Bachmann,Goalkeeper,,,171.0,,,,,0,0.993467789310737,4,156000,3.92,62.67
Danny Ward,Goalkeeper,,,22.0,,,,,0,1.1571120417193173,2,1040000,4.0,80.0
David de Gea,Goalkeeper,,,539.0,,,,,5,0.5736050731818417,6,19500000,3.34,69.02
David Raya Martin,Goalkeeper,,,618.0,,,,,5,0.591035023659005,4,1300000,3.29,74.53
Ederson,Goalkeeper,,,852.0,,,,,3,-1.069884584751299,7,3380000,1.62,69.77
Edouard Mendy,Goalkeeper,,,657.0,,,,,3,-0.5915120375154346,6,2704000,2.15,70.19
Fraser Forster,Goalkeeper,,,289.0,,,,,0,0.7117730767519158,7,3640000,3.58,66.02
Freddie Woodman,Goalkeeper,,,63.0,,,,,1,-0.6219389556587887,7,156000,2.5,45.45
Hugo Lloris,Goalkeeper,,,609.0,,,,,3,-0.1950282296738189,4,5200000,2.55,70.8
Illan Meslier,Goalkeeper,,,767.0,,,,,5,1.043179588133792,1,1144000,3.76,64.41
Jack Butland,Goalkeeper,,,173.0,,,,,1,-1.1068772331527217,10,2288000,1.89,58.62
Jason Steele,Goalkeeper,,,32.0,,,,,1,-0.011628842529765954,2,833333,3.0,60.0
Jed Steer,Goalkeeper,,,23.0,,,,,2,-2.3207490265615682,3,416000,1.0,25.0
John Ruddy,Goalkeeper,,,17.0,,,,,1,-0.9856511617435904,9,301600,2.0,66.67
Jonas Lossl,Goalkeeper,,,36.0,,,,,2,-2.2892091480836507,2,1456000,1.0,28.57
Jordan Pickford,Goalkeeper,,,491.0,,,,,5,0.5410792261503548,8,5208333,3.34,66.86
Jose Pedro Malheiro de Sa,Goalkeeper,,,558.0,,,,,5,0.5553398827573306,7,1490000,3.27,75.16
Karl Darlow,Goalkeeper,,,127.0,,,,,1,0.03191818648040558,1,1300000,3.0,61.54
Kasper Schmeichel,Goalkeeper,,,782.0,,,,,5,0.8611634709875275,3,6760000,3.54,69.31
Kepa Arrizabalaga,Goalkeeper,,,86.0,,,,,4,-0.0610078206348158,2,7800000,2.75,84.62
Kristoffer Klaesson,Goalkeeper,,,7.0,,,,,0,1.1520878440235356,3,570000,4.0,80.0
Martin Dubravka,Goalkeeper,,,447.0,,,,,5,-0.008588280035641958,11,1976000,2.81,67.59
Nick Pope,Goalkeeper,,,414.0,,,,,5,0.5749775833772554,5,1820000,3.36,72.02
Robert Lynch Sanchez,Goalkeeper,,,896.0,,,,,3,0.08336910731842911,1,520000,2.73,70.63
Robin Olsen,Goalkeeper,,,18.0,,,,,2,-1.1884084430920996,1,1000000,2.0,40.0
Tim Krul,Goalkeeper,,,589.0,,,,,5,0.8716044284741497,2,1300000,3.66,63.1
Vicente Guaita,Goalkeeper,,,597.0,,,,,5,0.06343882277186746,10,404000,2.8,71.79
Wayne Hennessey,Goalkeeper,,,33.0,,,,,0,0.9867174009101235,5,2080000,4.0,57.14
Wilfredo Daniel Caballero,Goalkeeper,,,37.0,,,,,1,-0.05145589631041879,3,890000,3.0,54.55
Zack Steffen,Goalkeeper,,,28.0,,,,,4,-0.7281585778230828,3,2392000,2.0,100.0
Lukasz Fabianski,Goalkeeper,,,501.0,,,,,5,0.29946300279363214,9,3380000,3.08,69.51
